"","STATE","DISTRICT","TEH_NAME","BLOCK_NAME","LAT","LON","SITE_NAME","SITE_TYPE","WLCODE","year","MONSOON","POMRB","POMKH","PREMON","temp_pomrb","temp_premon","temp_monsoon","temp_pomkh","STATE_UT_NAME","rain_pomrb","rain_premon","rain_monsoon","rain_pomkh"
"1","AP","Guntur","Vijayawada(u)","Tadepalli",16.5,80.63333333,"Vijayawada","Dug Well","W04844",2002,9.94,9.79,9.88,10.08,26.95933333,32.58366667,29.80066667,25.75666667,"ANDHRA PRADESH",6.966666667,54.53333333,150.9333333,78.06666667
"2","AP","Guntur","Prathipadu","Prathipadu_gnt",16.16666667,80.33333333,"Prattipadu","Dug Well","W04732",2002,2.05,1.05,1.68,2,26.95933333,32.58366667,29.80066667,25.75666667,"ANDHRA PRADESH",6.966666667,54.53333333,150.9333333,78.06666667
"3","AP","Guntur","Karempudi","Karempudi",16.42916667,79.75444444,"Karampudi","Dug Well","W04251",2002,0,0.8,0,0,26.95933333,32.58366667,29.80066667,25.75666667,"ANDHRA PRADESH",6.966666667,54.53333333,150.9333333,78.06666667
"4","AP","Guntur","Macherla","Macherla",16.47333333,79.445,"Macherla-1","Dug Well","W04717",2002,6.18,5.81,6.18,6.57,26.95933333,32.58366667,29.80066667,25.75666667,"ANDHRA PRADESH",6.966666667,54.53333333,150.9333333,78.06666667
"5","AP","Guntur","Piduguralla","Piduguralla",16.48333333,79.875,"Pidiguralla-2","Dug Well","W04729",2002,0,4.97,0,8.1,26.95933333,32.58366667,29.80066667,25.75666667,"ANDHRA PRADESH",6.966666667,54.53333333,150.9333333,78.06666667
"6","AP","Guntur","Krosuru","Krosuru",16.49722222,80.145,"Pisapadu","Dug Well","W04714",2002,5.1,3.35,5.15,4.94,26.95933333,32.58366667,29.80066667,25.75666667,"ANDHRA PRADESH",6.966666667,54.53333333,150.9333333,78.06666667
"7","AP","Guntur","Amaravati","Amaravati",16.515,80.39416667,"Lemalle","Dug Well","W04708",2002,0,8.4,0,8.77,26.95933333,32.58366667,29.80066667,25.75666667,"ANDHRA PRADESH",6.966666667,54.53333333,150.9333333,78.06666667
"8","AP","Guntur","Bellamkonda","Bellamkonda",16.50833333,80.00833333,"Bellamkonda","Dug Well","W03902",2002,3.75,2.4,4.28,5.28,26.95933333,32.58366667,29.80066667,25.75666667,"ANDHRA PRADESH",6.966666667,54.53333333,150.9333333,78.06666667
"9","AP","Guntur","Veldurti","Veldurthi_gnt",16.30777778,79.33055556,"Obulesunipalle","Dug Well","W04743",2002,0,0,11.35,0,26.95933333,32.58366667,29.80066667,25.75666667,"ANDHRA PRADESH",6.966666667,54.53333333,150.9333333,78.06666667
"10","AP","Guntur","Mangalagiri","Mangalagiri",16.42777778,80.56944444,"Mangalagiri","Dug Well","W04718",2002,4.04,2.55,4.38,5.13,26.95933333,32.58366667,29.80066667,25.75666667,"ANDHRA PRADESH",6.966666667,54.53333333,150.9333333,78.06666667
"11","AP","Guntur","Sattenapalle","Sattenapalli",16.47,80.13833333,"Rentapalle","Dug Well","W04736",2002,6.94,4.5,7.25,6.85,26.95933333,32.58366667,29.80066667,25.75666667,"ANDHRA PRADESH",6.966666667,54.53333333,150.9333333,78.06666667
"12","AP","Guntur","Medikonduru","Medikonduru",16.34583333,80.30416667,"Medikondur","Dug Well","W04719",2002,3.31,1.69,2.84,3.04,26.95933333,32.58366667,29.80066667,25.75666667,"ANDHRA PRADESH",6.966666667,54.53333333,150.9333333,78.06666667
"13","AP","Guntur","Nekarikallu","Nekarikallu",16.36666667,79.95,"Nekarikallu1","Dug Well","W04722",2002,2.27,1.58,2.37,2.97,26.95933333,32.58366667,29.80066667,25.75666667,"ANDHRA PRADESH",6.966666667,54.53333333,150.9333333,78.06666667
"14","AP","Guntur","Nizampatnam","Nizampatnam",15.91805556,80.67222222,"Nijampatnam","Dug Well","W04724",2002,1.8,1.03,0.91,1.81,26.95933333,32.58366667,29.80066667,25.75666667,"ANDHRA PRADESH",6.966666667,54.53333333,150.9333333,78.06666667
"15","AP","Guntur","Tandur","Chilakaluripeta",16.08527778,80.15166667,"Chilkaluripet","Dug Well","W04022",2002,3.41,2.63,2.85,3.28,26.95933333,32.58366667,29.80066667,25.75666667,"ANDHRA PRADESH",6.966666667,54.53333333,150.9333333,78.06666667
"16","AP","Guntur","Chebrolu","Chebrolu",16.20416667,80.52777778,"Chebrolu","Dug Well","W04018",2002,1.53,0.7,1.51,3.42,26.95933333,32.58366667,29.80066667,25.75666667,"ANDHRA PRADESH",6.966666667,54.53333333,150.9333333,78.06666667
"17","AP","Guntur","Hyderabad M.corp","Bapatla",15.91666667,80.48333333,"Bapatla","Dug Well","W03903",2002,0,0.26,0,3.85,26.95933333,32.58366667,29.80066667,25.75666667,"ANDHRA PRADESH",6.966666667,54.53333333,150.9333333,78.06666667
"18","AP","Guntur","Atchampeta","Atchampeta",16.54666667,80.14166667,"Krosur","Dug Well","W04247",2002,1.88,1.6,3.95,3.72,26.95933333,32.58366667,29.80066667,25.75666667,"ANDHRA PRADESH",6.966666667,54.53333333,150.9333333,78.06666667
"19","AP","Guntur","Dachepalle","Dachepalle",16.59361111,79.73611111,"Dachepalle-1","Dug Well","W04019",2002,6.22,6.5,6.36,6.93,26.95933333,32.58366667,29.80066667,25.75666667,"ANDHRA PRADESH",6.966666667,54.53333333,150.9333333,78.06666667
"20","AP","Guntur","Bellamkonda","Bellamkonda",16.56666667,80,"Utukuru","Dug Well","W04710",2002,3.63,3.3,4.68,4.53,26.95933333,32.58366667,29.80066667,25.75666667,"ANDHRA PRADESH",6.966666667,54.53333333,150.9333333,78.06666667
"21","AP","Guntur","Chebrolu","Chebrolu",16.26666667,80.54027778,"Vadlamudi","Dug Well","W04711",2002,10.85,8.2,8.75,11.22,26.95933333,32.58366667,29.80066667,25.75666667,"ANDHRA PRADESH",6.966666667,54.53333333,150.9333333,78.06666667
"22","AP","Guntur","Amaravati","Amaravati",16.565,80.25888889,"Zupudi","Dug Well","W04709",2002,3.47,3.35,4.46,5.22,26.95933333,32.58366667,29.80066667,25.75666667,"ANDHRA PRADESH",6.966666667,54.53333333,150.9333333,78.06666667
"23","AP","Guntur","Amaravati","Amaravati",16.575,80.36,"Amaravathi","Dug Well","W03827",2002,2.82,2.41,3.11,4.02,26.95933333,32.58366667,29.80066667,25.75666667,"ANDHRA PRADESH",6.966666667,54.53333333,150.9333333,78.06666667
"24","AP","Guntur","Guntur","Guntur",16.29083333,80.45111111,"Guntur","Dug Well","W04248",2002,3.67,2.8,4.45,4.77,26.95933333,32.58366667,29.80066667,25.75666667,"ANDHRA PRADESH",6.966666667,54.53333333,150.9333333,78.06666667
"25","AP","Guntur","Gurajala","Gurajala",16.55833333,79.64166667,"Gurzala","Dug Well","W04249",2002,2.34,1.56,2.56,2.5,26.95933333,32.58366667,29.80066667,25.75666667,"ANDHRA PRADESH",6.966666667,54.53333333,150.9333333,78.06666667
"26","AP","Guntur","Rentachintala","Rentachintala",16.55166667,79.54944444,"Rentachintala-1","Dug Well","W04734",2002,0.86,0.95,0.9,1.09,26.95933333,32.58366667,29.80066667,25.75666667,"ANDHRA PRADESH",6.966666667,54.53333333,150.9333333,78.06666667
"27","AP","Guntur","Machavaram","Machavaram",16.58333333,79.88333333,"Murjampadu","Dug Well","W04716",2002,6.47,5.95,6.15,6.47,26.95933333,32.58366667,29.80066667,25.75666667,"ANDHRA PRADESH",6.966666667,54.53333333,150.9333333,78.06666667
"28","AP","Guntur","Vicarabad","Vemuru",16.16666667,80.75,"Moolpur","Dug Well","W04745",2002,0,3.8,0,0,26.95933333,32.58366667,29.80066667,25.75666667,"ANDHRA PRADESH",6.966666667,54.53333333,150.9333333,78.06666667
"29","AP","Guntur","Vicarabad","Vemuru",16.16805556,80.75138889,"Moolpur1","Dug Well","W04746",2002,3.74,0,3.3,5.84,26.95933333,32.58366667,29.80066667,25.75666667,"ANDHRA PRADESH",6.966666667,54.53333333,150.9333333,78.06666667
"30","AP","Guntur","Tenali","Tenali",16.3,80.63333333,"Sekuru","Dug Well","W04742",2002,3.66,1.9,1.08,4.12,26.95933333,32.58366667,29.80066667,25.75666667,"ANDHRA PRADESH",6.966666667,54.53333333,150.9333333,78.06666667
"31","AP","Guntur","Narsaraopet","Narasaraopet",16.2325,80.055,"Narasaraopet","Dug Well","W04721",2002,2.98,2.3,2.83,3.62,26.95933333,32.58366667,29.80066667,25.75666667,"ANDHRA PRADESH",6.966666667,54.53333333,150.9333333,78.06666667
"32","AP","Guntur","Kukatpalle","Repalle",16.02333333,80.84444444,"Repalle","Dug Well","W04715",2002,0.89,1.55,0.79,2.63,26.95933333,32.58366667,29.80066667,25.75666667,"ANDHRA PRADESH",6.966666667,54.53333333,150.9333333,78.06666667
"33","AP","Guntur","Phirangipuram","Phirangipuram",16.2875,80.25555556,"Pirangipuram","Dug Well","W04728",2002,4.61,3.1,5.56,5.07,26.95933333,32.58366667,29.80066667,25.75666667,"ANDHRA PRADESH",6.966666667,54.53333333,150.9333333,78.06666667
"34","AP","Guntur","Nizampatnam","Nagaram",15.98333333,80.76666667,"Pallapatla","Dug Well","W04725",2002,1.65,1.3,0.81,2.44,26.95933333,32.58366667,29.80066667,25.75666667,"ANDHRA PRADESH",6.966666667,54.53333333,150.9333333,78.06666667
"35","AP","Guntur","Meerpet","Vinukonda",16.05333333,79.74833333,"Vinukonda","Dug Well","W04720",2002,16.08,8.19,9.29,13.26,26.95933333,32.58366667,29.80066667,25.75666667,"ANDHRA PRADESH",6.966666667,54.53333333,150.9333333,78.06666667
"36","AP","Guntur","Ipur","Ipur",16.22361111,79.77638889,"Ipur","Dug Well","W04250",2002,1.59,0.54,0.96,1.6,26.95933333,32.58366667,29.80066667,25.75666667,"ANDHRA PRADESH",6.966666667,54.53333333,150.9333333,78.06666667
"37","AP","Guntur","Vijayawada(u)","Tadepalli",16.5,80.63333333,"Vijayawada","Dug Well","W04844",2001,9.91,9.79,9.59,9.59,27.203,32.136,29.66533333,26.14966667,"ANDHRA PRADESH",6.966666667,54.53333333,150.9333333,78.06666667
"38","AP","Guntur","Prathipadu","Prathipadu_gnt",16.16666667,80.33333333,"Prattipadu","Dug Well","W04732",2001,1.55,2.12,1.66,2.1,27.203,32.136,29.66533333,26.14966667,"ANDHRA PRADESH",6.966666667,54.53333333,150.9333333,78.06666667
"39","AP","Guntur","Ipur","Ipur",16.22361111,79.77638889,"Ipur","Dug Well","W04250",2001,1.03,0.6,0.23,1.38,27.203,32.136,29.66533333,26.14966667,"ANDHRA PRADESH",6.966666667,54.53333333,150.9333333,78.06666667
"40","AP","Guntur","Karempudi","Karempudi",16.42916667,79.75444444,"Karampudi","Dug Well","W04251",2001,0.45,0.9,0.7,0,27.203,32.136,29.66533333,26.14966667,"ANDHRA PRADESH",6.966666667,54.53333333,150.9333333,78.06666667
"41","AP","Guntur","Macherla","Macherla",16.47333333,79.445,"Macherla-1","Dug Well","W04717",2001,6.3,0,4.3,6.89,27.203,32.136,29.66533333,26.14966667,"ANDHRA PRADESH",6.966666667,54.53333333,150.9333333,78.06666667
"42","AP","Guntur","Piduguralla","Piduguralla",16.48333333,79.875,"Pidiguralla-2","Dug Well","W04729",2001,4,4.67,3.9,8.1,27.203,32.136,29.66533333,26.14966667,"ANDHRA PRADESH",6.966666667,54.53333333,150.9333333,78.06666667
"43","AP","Guntur","Krosuru","Krosuru",16.49722222,80.145,"Pisapadu","Dug Well","W04714",2001,3.48,3.23,1.5,4.5,27.203,32.136,29.66533333,26.14966667,"ANDHRA PRADESH",6.966666667,54.53333333,150.9333333,78.06666667
"44","AP","Guntur","Amaravati","Amaravati",16.515,80.39416667,"Lemalle","Dug Well","W04708",2001,7.88,7.34,7.4,7.92,27.203,32.136,29.66533333,26.14966667,"ANDHRA PRADESH",6.966666667,54.53333333,150.9333333,78.06666667
"45","AP","Guntur","Bellamkonda","Bellamkonda",16.50833333,80.00833333,"Bellamkonda","Dug Well","W03902",2001,3.25,2.18,2.3,4.53,27.203,32.136,29.66533333,26.14966667,"ANDHRA PRADESH",6.966666667,54.53333333,150.9333333,78.06666667
"46","AP","Guntur","Mangalagiri","Mangalagiri",16.42777778,80.56944444,"Mangalagiri","Dug Well","W04718",2001,2.22,2.68,1.4,4.8,27.203,32.136,29.66533333,26.14966667,"ANDHRA PRADESH",6.966666667,54.53333333,150.9333333,78.06666667
"47","AP","Guntur","Sattenapalle","Sattenapalli",16.47,80.13833333,"Rentapalle","Dug Well","W04736",2001,4.66,4,1.55,5.49,27.203,32.136,29.66533333,26.14966667,"ANDHRA PRADESH",6.966666667,54.53333333,150.9333333,78.06666667
"48","AP","Guntur","Karempudi","Karempudi",16.34583333,79.59166667,"Durgi","Dug Well","W04020",2001,0,5.1,0,6.15,27.203,32.136,29.66533333,26.14966667,"ANDHRA PRADESH",6.966666667,54.53333333,150.9333333,78.06666667
"49","AP","Guntur","Medikonduru","Medikonduru",16.34583333,80.30416667,"Medikondur","Dug Well","W04719",2001,3.25,2.82,2.55,3.22,27.203,32.136,29.66533333,26.14966667,"ANDHRA PRADESH",6.966666667,54.53333333,150.9333333,78.06666667
"50","AP","Guntur","Nekarikallu","Nekarikallu",16.36666667,79.95,"Nekarikallu1","Dug Well","W04722",2001,2.31,1.81,1.62,2.31,27.203,32.136,29.66533333,26.14966667,"ANDHRA PRADESH",6.966666667,54.53333333,150.9333333,78.06666667
"51","AP","Guntur","Tandur","Chilakaluripeta",16.08527778,80.15166667,"Chilkaluripet","Dug Well","W04022",2001,2.55,2.95,2.7,3.3,27.203,32.136,29.66533333,26.14966667,"ANDHRA PRADESH",6.966666667,54.53333333,150.9333333,78.06666667
"52","AP","Guntur","Chebrolu","Chebrolu",16.20416667,80.52777778,"Chebrolu","Dug Well","W04018",2001,1.02,1.22,1.2,3.19,27.203,32.136,29.66533333,26.14966667,"ANDHRA PRADESH",6.966666667,54.53333333,150.9333333,78.06666667
"53","AP","Guntur","Hyderabad M.corp","Bapatla",15.91666667,80.48333333,"Bapatla","Dug Well","W03903",2001,0,1.4,0.05,0.93,27.203,32.136,29.66533333,26.14966667,"ANDHRA PRADESH",6.966666667,54.53333333,150.9333333,78.06666667
"54","AP","Guntur","Atchampeta","Atchampeta",16.54666667,80.14166667,"Krosur","Dug Well","W04247",2001,2.78,2,1.4,3.73,27.203,32.136,29.66533333,26.14966667,"ANDHRA PRADESH",6.966666667,54.53333333,150.9333333,78.06666667
"55","AP","Guntur","Dachepalle","Dachepalle",16.59361111,79.73611111,"Dachepalle-1","Dug Well","W04019",2001,5.87,6.35,6.95,6.98,27.203,32.136,29.66533333,26.14966667,"ANDHRA PRADESH",6.966666667,54.53333333,150.9333333,78.06666667
"56","AP","Guntur","Bellamkonda","Bellamkonda",16.56666667,80,"Utukuru","Dug Well","W04710",2001,3.55,2.94,2.8,4.2,27.203,32.136,29.66533333,26.14966667,"ANDHRA PRADESH",6.966666667,54.53333333,150.9333333,78.06666667
"57","AP","Guntur","Nizampatnam","Nizampatnam",15.91805556,80.67222222,"Nijampatnam","Dug Well","W04724",2001,0.98,0.66,0.36,2.25,27.203,32.136,29.66533333,26.14966667,"ANDHRA PRADESH",6.966666667,54.53333333,150.9333333,78.06666667
"58","AP","Guntur","Chebrolu","Chebrolu",16.26666667,80.54027778,"Vadlamudi","Dug Well","W04711",2001,8.35,8.82,6.7,11.22,27.203,32.136,29.66533333,26.14966667,"ANDHRA PRADESH",6.966666667,54.53333333,150.9333333,78.06666667
"59","AP","Guntur","Amaravati","Amaravati",16.565,80.25888889,"Zupudi","Dug Well","W04709",2001,4.45,2.76,2.4,4.92,27.203,32.136,29.66533333,26.14966667,"ANDHRA PRADESH",6.966666667,54.53333333,150.9333333,78.06666667
"60","AP","Guntur","Tenali","Tenali",16.23333333,80.60833333,"Anagalakoduru","Dug Well","W03828",2001,0,2.38,0,3.65,27.203,32.136,29.66533333,26.14966667,"ANDHRA PRADESH",6.966666667,54.53333333,150.9333333,78.06666667
"61","AP","Guntur","Amaravati","Amaravati",16.575,80.36,"Amaravathi","Dug Well","W03827",2001,2.23,2.16,1.91,3.76,27.203,32.136,29.66533333,26.14966667,"ANDHRA PRADESH",6.966666667,54.53333333,150.9333333,78.06666667
"62","AP","Guntur","Guntur","Guntur",16.29083333,80.45111111,"Guntur","Dug Well","W04248",2001,2.6,3.05,1.5,4.2,27.203,32.136,29.66533333,26.14966667,"ANDHRA PRADESH",6.966666667,54.53333333,150.9333333,78.06666667
"63","AP","Guntur","Gurajala","Gurajala",16.55833333,79.64166667,"Gurzala","Dug Well","W04249",2001,2.07,2.16,3.06,2.99,27.203,32.136,29.66533333,26.14966667,"ANDHRA PRADESH",6.966666667,54.53333333,150.9333333,78.06666667
"64","AP","Guntur","Rentachintala","Rentachintala",16.55166667,79.54944444,"Rentachintala-1","Dug Well","W04734",2001,1.08,1.73,1.7,3.02,27.203,32.136,29.66533333,26.14966667,"ANDHRA PRADESH",6.966666667,54.53333333,150.9333333,78.06666667
"65","AP","Guntur","Machavaram","Machavaram",16.58333333,79.88333333,"Murjampadu","Dug Well","W04716",2001,4.1,5.91,5.05,5.65,27.203,32.136,29.66533333,26.14966667,"ANDHRA PRADESH",6.966666667,54.53333333,150.9333333,78.06666667
"66","AP","Guntur","Vicarabad","Vemuru",16.16666667,80.75,"Moolpur","Dug Well","W04745",2001,2.65,3.2,2.1,3.6,27.203,32.136,29.66533333,26.14966667,"ANDHRA PRADESH",6.966666667,54.53333333,150.9333333,78.06666667
"67","AP","Guntur","Tenali","Tenali",16.3,80.63333333,"Sekuru","Dug Well","W04742",2001,2.63,2.5,1.5,3.93,27.203,32.136,29.66533333,26.14966667,"ANDHRA PRADESH",6.966666667,54.53333333,150.9333333,78.06666667
"68","AP","Guntur","Narsaraopet","Narasaraopet",16.2325,80.055,"Narasaraopet","Dug Well","W04721",2001,2.93,2.64,2,3.3,27.203,32.136,29.66533333,26.14966667,"ANDHRA PRADESH",6.966666667,54.53333333,150.9333333,78.06666667
"69","AP","Guntur","Kukatpalle","Repalle",16.02333333,80.84444444,"Repalle","Dug Well","W04715",2001,0.87,1.25,0.82,2.99,27.203,32.136,29.66533333,26.14966667,"ANDHRA PRADESH",6.966666667,54.53333333,150.9333333,78.06666667
"70","AP","Guntur","Phirangipuram","Phirangipuram",16.2875,80.25555556,"Pirangipuram","Dug Well","W04728",2001,5.25,3.6,2.2,5.22,27.203,32.136,29.66533333,26.14966667,"ANDHRA PRADESH",6.966666667,54.53333333,150.9333333,78.06666667
"71","AP","Guntur","Nizampatnam","Nagaram",15.98333333,80.76666667,"Pallapatla","Dug Well","W04725",2001,1.5,1.58,0.5,2.35,27.203,32.136,29.66533333,26.14966667,"ANDHRA PRADESH",6.966666667,54.53333333,150.9333333,78.06666667
"72","AP","Guntur","Meerpet","Vinukonda",16.05333333,79.74833333,"Vinukonda","Dug Well","W04720",2001,10.14,7.2,7.34,9.03,27.203,32.136,29.66533333,26.14966667,"ANDHRA PRADESH",6.966666667,54.53333333,150.9333333,78.06666667
"73","AP","Guntur","Serilingampalle","Savalyapuram",16.13333333,79.85833333,"Velpur","Dug Well","W04739",2001,2.6,0,0,0,27.203,32.136,29.66533333,26.14966667,"ANDHRA PRADESH",6.966666667,54.53333333,150.9333333,78.06666667
"74","AP","Guntur","Vijayawada(u)","Tadepalli",16.5,80.63333333,"Vijayawada","Dug Well","W04844",2000,9.34,0,9.48,7.85,26.874,31.912,28.82466667,26.03933333,"ANDHRA PRADESH",6.966666667,54.53333333,150.9333333,78.06666667
"75","AP","Guntur","Prathipadu","Prathipadu_gnt",16.16666667,80.33333333,"Prattipadu","Dug Well","W04732",2000,0.95,2.48,2.76,1.78,26.874,31.912,28.82466667,26.03933333,"ANDHRA PRADESH",6.966666667,54.53333333,150.9333333,78.06666667
"76","AP","Guntur","Macherla","Macherla",16.47333333,79.445,"Macherla-1","Dug Well","W04717",2000,3.09,0,4.89,0,26.874,31.912,28.82466667,26.03933333,"ANDHRA PRADESH",6.966666667,54.53333333,150.9333333,78.06666667
"77","AP","Guntur","Piduguralla","Piduguralla",16.48333333,79.875,"Pidiguralla-2","Dug Well","W04729",2000,2.85,5.34,4.68,6.13,26.874,31.912,28.82466667,26.03933333,"ANDHRA PRADESH",6.966666667,54.53333333,150.9333333,78.06666667
"78","AP","Guntur","Krosuru","Krosuru",16.49722222,80.145,"Pisapadu","Dug Well","W04714",2000,1.82,5.28,2.66,5.43,26.874,31.912,28.82466667,26.03933333,"ANDHRA PRADESH",6.966666667,54.53333333,150.9333333,78.06666667
"79","AP","Guntur","Amaravati","Amaravati",16.515,80.39416667,"Lemalle","Dug Well","W04708",2000,7.7,0,9.06,0,26.874,31.912,28.82466667,26.03933333,"ANDHRA PRADESH",6.966666667,54.53333333,150.9333333,78.06666667
"80","AP","Guntur","Bellamkonda","Bellamkonda",16.50833333,80.00833333,"Bellamkonda","Dug Well","W03902",2000,1.38,2.47,2.37,4.4,26.874,31.912,28.82466667,26.03933333,"ANDHRA PRADESH",6.966666667,54.53333333,150.9333333,78.06666667
"81","AP","Guntur","Mangalagiri","Mangalagiri",16.42777778,80.56944444,"Mangalagiri","Dug Well","W04718",2000,1.4,3.94,1.58,5.43,26.874,31.912,28.82466667,26.03933333,"ANDHRA PRADESH",6.966666667,54.53333333,150.9333333,78.06666667
"82","AP","Guntur","Sattenapalle","Sattenapalli",16.47,80.13833333,"Rentapalle","Dug Well","W04736",2000,1.72,5.19,3.46,6.01,26.874,31.912,28.82466667,26.03933333,"ANDHRA PRADESH",6.966666667,54.53333333,150.9333333,78.06666667
"83","AP","Guntur","Karempudi","Karempudi",16.34583333,79.59166667,"Durgi","Dug Well","W04020",2000,4.3,0,3.99,0,26.874,31.912,28.82466667,26.03933333,"ANDHRA PRADESH",6.966666667,54.53333333,150.9333333,78.06666667
"84","AP","Guntur","Ipur","Ipur",16.22361111,79.77638889,"Ipur","Dug Well","W04250",2000,0.89,0,0.55,1.8,26.874,31.912,28.82466667,26.03933333,"ANDHRA PRADESH",6.966666667,54.53333333,150.9333333,78.06666667
"85","AP","Guntur","Medikonduru","Medikonduru",16.34583333,80.30416667,"Medikondur","Dug Well","W04719",2000,2.44,3.74,2.9,3.67,26.874,31.912,28.82466667,26.03933333,"ANDHRA PRADESH",6.966666667,54.53333333,150.9333333,78.06666667
"86","AP","Guntur","Nekarikallu","Nekarikallu",16.36666667,79.95,"Nekarikallu1","Dug Well","W04722",2000,1.16,2.53,1.72,2.4,26.874,31.912,28.82466667,26.03933333,"ANDHRA PRADESH",6.966666667,54.53333333,150.9333333,78.06666667
"87","AP","Guntur","Durgi","Durgi",16.39916667,79.4675,"Muthukuru","Dug Well","W04713",2000,7.59,0,0,0,26.874,31.912,28.82466667,26.03933333,"ANDHRA PRADESH",6.966666667,54.53333333,150.9333333,78.06666667
"88","AP","Guntur","Tandur","Chilakaluripeta",16.08527778,80.15166667,"Chilkaluripet","Dug Well","W04022",2000,2.27,4.88,2.52,4.18,26.874,31.912,28.82466667,26.03933333,"ANDHRA PRADESH",6.966666667,54.53333333,150.9333333,78.06666667
"89","AP","Guntur","Chebrolu","Chebrolu",16.20416667,80.52777778,"Chebrolu","Dug Well","W04018",2000,0.53,4.02,0.98,2.33,26.874,31.912,28.82466667,26.03933333,"ANDHRA PRADESH",6.966666667,54.53333333,150.9333333,78.06666667
"90","AP","Guntur","Hyderabad M.corp","Bapatla",15.91666667,80.48333333,"Bapatla","Dug Well","W03903",2000,0.85,2.31,1.28,2.1,26.874,31.912,28.82466667,26.03933333,"ANDHRA PRADESH",6.966666667,54.53333333,150.9333333,78.06666667
"91","AP","Guntur","Atchampeta","Atchampeta",16.54666667,80.14166667,"Krosur","Dug Well","W04247",2000,0.8,3.48,1.92,3.95,26.874,31.912,28.82466667,26.03933333,"ANDHRA PRADESH",6.966666667,54.53333333,150.9333333,78.06666667
"92","AP","Guntur","Dachepalle","Dachepalle",16.59361111,79.73611111,"Dachepalle-1","Dug Well","W04019",2000,5.77,7.98,6.42,7.3,26.874,31.912,28.82466667,26.03933333,"ANDHRA PRADESH",6.966666667,54.53333333,150.9333333,78.06666667
"93","AP","Guntur","Bellamkonda","Bellamkonda",16.56666667,80,"Utukuru","Dug Well","W04710",2000,1.35,4.31,2.31,4.23,26.874,31.912,28.82466667,26.03933333,"ANDHRA PRADESH",6.966666667,54.53333333,150.9333333,78.06666667
"94","AP","Guntur","Nizampatnam","Nizampatnam",15.91805556,80.67222222,"Nijampatnam","Dug Well","W04724",2000,0.39,0.72,0.57,1.47,26.874,31.912,28.82466667,26.03933333,"ANDHRA PRADESH",6.966666667,54.53333333,150.9333333,78.06666667
"95","AP","Guntur","Chebrolu","Chebrolu",16.26666667,80.54027778,"Vadlamudi","Dug Well","W04711",2000,6.67,10.08,7.5,12.09,26.874,31.912,28.82466667,26.03933333,"ANDHRA PRADESH",6.966666667,54.53333333,150.9333333,78.06666667
"96","AP","Guntur","Amaravati","Amaravati",16.565,80.25888889,"Zupudi","Dug Well","W04709",2000,0.78,3.05,1.8,4.5,26.874,31.912,28.82466667,26.03933333,"ANDHRA PRADESH",6.966666667,54.53333333,150.9333333,78.06666667
"97","AP","Guntur","Tenali","Tenali",16.23333333,80.60833333,"Anagalakoduru","Dug Well","W03828",2000,1.02,2.68,1.07,3.48,26.874,31.912,28.82466667,26.03933333,"ANDHRA PRADESH",6.966666667,54.53333333,150.9333333,78.06666667
"98","AP","Guntur","Amaravati","Amaravati",16.575,80.36,"Amaravathi","Dug Well","W03827",2000,1.05,3.24,1.59,3.73,26.874,31.912,28.82466667,26.03933333,"ANDHRA PRADESH",6.966666667,54.53333333,150.9333333,78.06666667
"99","AP","Guntur","Guntur","Guntur",16.29083333,80.45111111,"Guntur","Dug Well","W04248",2000,2.1,4.83,2.91,5.5,26.874,31.912,28.82466667,26.03933333,"ANDHRA PRADESH",6.966666667,54.53333333,150.9333333,78.06666667
"100","AP","Guntur","Gurajala","Gurajala",16.55833333,79.64166667,"Gurzala","Dug Well","W04249",2000,1.21,2.58,1.86,2.76,26.874,31.912,28.82466667,26.03933333,"ANDHRA PRADESH",6.966666667,54.53333333,150.9333333,78.06666667
"101","AP","Guntur","Krosuru","Krosuru",16.54611111,80.0625,"Dodleru-1","Dug Well","W04021",2000,0,4.23,0,5.46,26.874,31.912,28.82466667,26.03933333,"ANDHRA PRADESH",6.966666667,54.53333333,150.9333333,78.06666667
"102","AP","Guntur","Rentachintala","Rentachintala",16.55166667,79.54944444,"Rentachintala-1","Dug Well","W04734",2000,0.77,2.98,1.21,3.16,26.874,31.912,28.82466667,26.03933333,"ANDHRA PRADESH",6.966666667,54.53333333,150.9333333,78.06666667
"103","AP","Guntur","Machavaram","Machavaram",16.58333333,79.88333333,"Murjampadu","Dug Well","W04716",2000,4.05,7.39,5.08,5.5,26.874,31.912,28.82466667,26.03933333,"ANDHRA PRADESH",6.966666667,54.53333333,150.9333333,78.06666667
"104","AP","Guntur","Vicarabad","Vemuru",16.16666667,80.75,"Moolpur","Dug Well","W04745",2000,1.3,2.94,1.87,4.34,26.874,31.912,28.82466667,26.03933333,"ANDHRA PRADESH",6.966666667,54.53333333,150.9333333,78.06666667
"105","AP","Guntur","Tenali","Tenali",16.3,80.63333333,"Sekuru","Dug Well","W04742",2000,1.08,3.58,1.86,4.15,26.874,31.912,28.82466667,26.03933333,"ANDHRA PRADESH",6.966666667,54.53333333,150.9333333,78.06666667
"106","AP","Guntur","Narsaraopet","Narasaraopet",16.2325,80.055,"Narasaraopet","Dug Well","W04721",2000,1.73,4.07,2.12,0,26.874,31.912,28.82466667,26.03933333,"ANDHRA PRADESH",6.966666667,54.53333333,150.9333333,78.06666667
"107","AP","Guntur","Kukatpalle","Repalle",16.02333333,80.84444444,"Repalle","Dug Well","W04715",2000,0.87,2.04,0.72,2.3,26.874,31.912,28.82466667,26.03933333,"ANDHRA PRADESH",6.966666667,54.53333333,150.9333333,78.06666667
"108","AP","Guntur","Phirangipuram","Phirangipuram",16.2875,80.25555556,"Pirangipuram","Dug Well","W04728",2000,2.6,5.73,2.9,6.33,26.874,31.912,28.82466667,26.03933333,"ANDHRA PRADESH",6.966666667,54.53333333,150.9333333,78.06666667
"109","AP","Guntur","Nizampatnam","Nagaram",15.98333333,80.76666667,"Pallapatla","Dug Well","W04725",2000,1.08,2.39,0.73,2.35,26.874,31.912,28.82466667,26.03933333,"ANDHRA PRADESH",6.966666667,54.53333333,150.9333333,78.06666667
"110","AP","Guntur","Meerpet","Vinukonda",16.05333333,79.74833333,"Vinukonda","Dug Well","W04720",2000,4.05,6.86,5.56,9.61,26.874,31.912,28.82466667,26.03933333,"ANDHRA PRADESH",6.966666667,54.53333333,150.9333333,78.06666667
"111","AP","Guntur","Karempudi","Karempudi",16.42916667,79.75444444,"Karampudi","Dug Well","W04251",2000,0.49,0,0.73,2.09,26.874,31.912,28.82466667,26.03933333,"ANDHRA PRADESH",6.966666667,54.53333333,150.9333333,78.06666667
"112","AP","Guntur","Sattenapalle","Sattenapalli",16.47,80.13833333,"Rentapalle","Dug Well","W04736",1999,5.9,3.59,4.75,0,26.825,32.00166667,29.072,25.88433333,"ANDHRA PRADESH",6.966666667,54.53333333,150.9333333,78.06666667
"113","AP","Guntur","Guntur","Guntur",16.29083333,80.45111111,"Guntur","Dug Well","W04248",1999,4.87,3.35,4.35,5.5,26.825,32.00166667,29.072,25.88433333,"ANDHRA PRADESH",6.966666667,54.53333333,150.9333333,78.06666667
"114","AP","Guntur","Macherla","Macherla",16.47333333,79.445,"Macherla-1","Dug Well","W04717",1999,7.78,6.32,0,0,26.825,32.00166667,29.072,25.88433333,"ANDHRA PRADESH",6.966666667,54.53333333,150.9333333,78.06666667
"115","AP","Guntur","Piduguralla","Piduguralla",16.48333333,79.875,"Pidiguralla-2","Dug Well","W04729",1999,5.4,5.22,5.24,5.6,26.825,32.00166667,29.072,25.88433333,"ANDHRA PRADESH",6.966666667,54.53333333,150.9333333,78.06666667
"116","AP","Guntur","Krosuru","Krosuru",16.49722222,80.145,"Pisapadu","Dug Well","W04714",1999,4.6,3.78,3.74,5,26.825,32.00166667,29.072,25.88433333,"ANDHRA PRADESH",6.966666667,54.53333333,150.9333333,78.06666667
"117","AP","Guntur","Amaravati","Amaravati",16.515,80.39416667,"Lemalle","Dug Well","W04708",1999,9.23,7.56,7.82,0,26.825,32.00166667,29.072,25.88433333,"ANDHRA PRADESH",6.966666667,54.53333333,150.9333333,78.06666667
"118","AP","Guntur","Bellamkonda","Bellamkonda",16.50833333,80.00833333,"Bellamkonda","Dug Well","W03902",1999,4.16,2.81,3.94,0,26.825,32.00166667,29.072,25.88433333,"ANDHRA PRADESH",6.966666667,54.53333333,150.9333333,78.06666667
"119","AP","Guntur","Karempudi","Karempudi",16.42916667,79.75444444,"Karampudi","Dug Well","W04251",1999,3.2,2.26,0,2.8,26.825,32.00166667,29.072,25.88433333,"ANDHRA PRADESH",6.966666667,54.53333333,150.9333333,78.06666667
"120","AP","Guntur","Vijayawada(u)","Tadepalli",16.5,80.63333333,"Vijayawada","Dug Well","W04844",1999,0,10.53,0,10.93,26.825,32.00166667,29.072,25.88433333,"ANDHRA PRADESH",6.966666667,54.53333333,150.9333333,78.06666667
"121","AP","Guntur","Gurajala","Gurajala",16.55833333,79.64166667,"Gurzala","Dug Well","W04249",1999,3.06,2.26,3.74,3.2,26.825,32.00166667,29.072,25.88433333,"ANDHRA PRADESH",6.966666667,54.53333333,150.9333333,78.06666667
"122","AP","Guntur","Krosuru","Krosuru",16.54611111,80.0625,"Dodleru-1","Dug Well","W04021",1999,4.03,1.64,3.24,4.2,26.825,32.00166667,29.072,25.88433333,"ANDHRA PRADESH",6.966666667,54.53333333,150.9333333,78.06666667
"123","AP","Guntur","Atchampeta","Atchampeta",16.54666667,80.14166667,"Krosur","Dug Well","W04247",1999,2.8,2.73,2.44,2.7,26.825,32.00166667,29.072,25.88433333,"ANDHRA PRADESH",6.966666667,54.53333333,150.9333333,78.06666667
"124","AP","Guntur","Dachepalle","Dachepalle",16.59361111,79.73611111,"Dachepalle-1","Dug Well","W04019",1999,8.55,7.72,7.84,7.8,26.825,32.00166667,29.072,25.88433333,"ANDHRA PRADESH",6.966666667,54.53333333,150.9333333,78.06666667
"125","AP","Guntur","Bellamkonda","Bellamkonda",16.56666667,80,"Utukuru","Dug Well","W04710",1999,3.63,3.69,3.54,5.3,26.825,32.00166667,29.072,25.88433333,"ANDHRA PRADESH",6.966666667,54.53333333,150.9333333,78.06666667
"126","AP","Guntur","Nizampatnam","Nizampatnam",15.91805556,80.67222222,"Nijampatnam","Dug Well","W04724",1999,2.6,1.71,1.32,2,26.825,32.00166667,29.072,25.88433333,"ANDHRA PRADESH",6.966666667,54.53333333,150.9333333,78.06666667
"127","AP","Guntur","Tandur","Chilakaluripeta",16.08527778,80.15166667,"Chilkaluripet","Dug Well","W04022",1999,5.86,3.98,4.4,0,26.825,32.00166667,29.072,25.88433333,"ANDHRA PRADESH",6.966666667,54.53333333,150.9333333,78.06666667
"128","AP","Guntur","Chebrolu","Chebrolu",16.20416667,80.52777778,"Chebrolu","Dug Well","W04018",1999,3,2.32,1.95,3.2,26.825,32.00166667,29.072,25.88433333,"ANDHRA PRADESH",6.966666667,54.53333333,150.9333333,78.06666667
"129","AP","Guntur","Hyderabad M.corp","Bapatla",15.91666667,80.48333333,"Bapatla","Dug Well","W03903",1999,3.27,2.09,1.92,2.3,26.825,32.00166667,29.072,25.88433333,"ANDHRA PRADESH",6.966666667,54.53333333,150.9333333,78.06666667
"130","AP","Guntur","Ipur","Ipur",16.22361111,79.77638889,"Ipur","Dug Well","W04250",1999,3.8,2.06,1.24,1.8,26.825,32.00166667,29.072,25.88433333,"ANDHRA PRADESH",6.966666667,54.53333333,150.9333333,78.06666667
"131","AP","Guntur","Medikonduru","Medikonduru",16.34583333,80.30416667,"Medikondur","Dug Well","W04719",1999,4.46,3.09,3.81,0,26.825,32.00166667,29.072,25.88433333,"ANDHRA PRADESH",6.966666667,54.53333333,150.9333333,78.06666667
"132","AP","Guntur","Nekarikallu","Nekarikallu",16.36666667,79.95,"Nekarikallu1","Dug Well","W04722",1999,3.2,2.49,2.19,2.5,26.825,32.00166667,29.072,25.88433333,"ANDHRA PRADESH",6.966666667,54.53333333,150.9333333,78.06666667
"133","AP","Guntur","Durgi","Durgi",16.39916667,79.4675,"Muthukuru","Dug Well","W04713",1999,8.5,0,0,0,26.825,32.00166667,29.072,25.88433333,"ANDHRA PRADESH",6.966666667,54.53333333,150.9333333,78.06666667
"134","AP","Guntur","Mangalagiri","Mangalagiri",16.42777778,80.56944444,"Mangalagiri","Dug Well","W04718",1999,7.67,3.14,3.08,0,26.825,32.00166667,29.072,25.88433333,"ANDHRA PRADESH",6.966666667,54.53333333,150.9333333,78.06666667
"135","AP","Guntur","Kukatpalle","Repalle",16.02333333,80.84444444,"Repalle","Dug Well","W04715",1999,2.15,1.59,1.12,2.3,26.825,32.00166667,29.072,25.88433333,"ANDHRA PRADESH",6.966666667,54.53333333,150.9333333,78.06666667
"136","AP","Guntur","Phirangipuram","Phirangipuram",16.2875,80.25555556,"Pirangipuram","Dug Well","W04728",1999,6.38,3.36,4.92,5.3,26.825,32.00166667,29.072,25.88433333,"ANDHRA PRADESH",6.966666667,54.53333333,150.9333333,78.06666667
"137","AP","Guntur","Nizampatnam","Nagaram",15.98333333,80.76666667,"Pallapatla","Dug Well","W04725",1999,2.4,2.52,1.47,1.6,26.825,32.00166667,29.072,25.88433333,"ANDHRA PRADESH",6.966666667,54.53333333,150.9333333,78.06666667
"138","AP","Guntur","Meerpet","Vinukonda",16.05333333,79.74833333,"Vinukonda","Dug Well","W04720",1999,10.48,4.65,6.54,10.5,26.825,32.00166667,29.072,25.88433333,"ANDHRA PRADESH",6.966666667,54.53333333,150.9333333,78.06666667
"139","AP","Guntur","Prathipadu","Prathipadu_gnt",16.16666667,80.33333333,"Prattipadu","Dug Well","W04732",1999,2.5,2.03,1.54,0,26.825,32.00166667,29.072,25.88433333,"ANDHRA PRADESH",6.966666667,54.53333333,150.9333333,78.06666667
"140","AP","Guntur","Vicarabad","Vemuru",16.16666667,80.75,"Moolpur","Dug Well","W04745",1999,3.34,4.11,2.45,5,26.825,32.00166667,29.072,25.88433333,"ANDHRA PRADESH",6.966666667,54.53333333,150.9333333,78.06666667
"141","AP","Guntur","Tenali","Tenali",16.3,80.63333333,"Sekuru","Dug Well","W04742",1999,3.95,3.88,2.52,0,26.825,32.00166667,29.072,25.88433333,"ANDHRA PRADESH",6.966666667,54.53333333,150.9333333,78.06666667
"142","AP","Guntur","Narsaraopet","Narasaraopet",16.2325,80.055,"Narasaraopet","Dug Well","W04721",1999,5.9,3.96,4.15,4.6,26.825,32.00166667,29.072,25.88433333,"ANDHRA PRADESH",6.966666667,54.53333333,150.9333333,78.06666667
"143","AP","Guntur","Rentachintala","Rentachintala",16.55166667,79.54944444,"Rentachintala-1","Dug Well","W04734",1999,3.05,2.45,2.32,3.6,26.825,32.00166667,29.072,25.88433333,"ANDHRA PRADESH",6.966666667,54.53333333,150.9333333,78.06666667
"144","AP","Guntur","Machavaram","Machavaram",16.58333333,79.88333333,"Murjampadu","Dug Well","W04716",1999,8.77,4.39,7.26,0,26.825,32.00166667,29.072,25.88433333,"ANDHRA PRADESH",6.966666667,54.53333333,150.9333333,78.06666667
"145","AP","Guntur","Chebrolu","Chebrolu",16.26666667,80.54027778,"Vadlamudi","Dug Well","W04711",1999,9.44,7.29,8.74,9.2,26.825,32.00166667,29.072,25.88433333,"ANDHRA PRADESH",6.966666667,54.53333333,150.9333333,78.06666667
"146","AP","Guntur","Amaravati","Amaravati",16.565,80.25888889,"Zupudi","Dug Well","W04709",1999,2.53,2.53,1.88,6.5,26.825,32.00166667,29.072,25.88433333,"ANDHRA PRADESH",6.966666667,54.53333333,150.9333333,78.06666667
"147","AP","Guntur","Tenali","Tenali",16.23333333,80.60833333,"Anagalakoduru","Dug Well","W03828",1999,2.2,3.82,1.35,0,26.825,32.00166667,29.072,25.88433333,"ANDHRA PRADESH",6.966666667,54.53333333,150.9333333,78.06666667
"148","AP","Guntur","Amaravati","Amaravati",16.575,80.36,"Amaravathi","Dug Well","W03827",1999,3.29,2.68,2.82,4.2,26.825,32.00166667,29.072,25.88433333,"ANDHRA PRADESH",6.966666667,54.53333333,150.9333333,78.06666667
"149","AP","Guntur","Karempudi","Karempudi",16.34583333,79.59166667,"Durgi","Dug Well","W04020",1999,5.4,7.33,6.54,5.5,26.825,32.00166667,29.072,25.88433333,"ANDHRA PRADESH",6.966666667,54.53333333,150.9333333,78.06666667
"150","AP","Guntur","Sattenapalle","Sattenapalli",16.47,80.13833333,"Rentapalle","Dug Well","W04736",1998,3.26,5.03,1.47,6.12,27.88733333,33.39533333,29.54,25.849,"ANDHRA PRADESH",6.966666667,54.53333333,150.9333333,78.06666667
"151","AP","Guntur","Guntur","Guntur",16.29083333,80.45111111,"Guntur","Dug Well","W04248",1998,3.37,3.06,1.61,5.28,27.88733333,33.39533333,29.54,25.849,"ANDHRA PRADESH",6.966666667,54.53333333,150.9333333,78.06666667
"152","AP","Guntur","Macherla","Macherla",16.47333333,79.445,"Macherla-1","Dug Well","W04717",1998,0,4.8,4.82,6.33,27.88733333,33.39533333,29.54,25.849,"ANDHRA PRADESH",6.966666667,54.53333333,150.9333333,78.06666667
"153","AP","Guntur","Piduguralla","Piduguralla",16.48333333,79.875,"Pidiguralla-2","Dug Well","W04729",1998,3.85,4.2,3.52,6.42,27.88733333,33.39533333,29.54,25.849,"ANDHRA PRADESH",6.966666667,54.53333333,150.9333333,78.06666667
"154","AP","Guntur","Krosuru","Krosuru",16.49722222,80.145,"Pisapadu","Dug Well","W04714",1998,2.97,3.89,1.83,4.94,27.88733333,33.39533333,29.54,25.849,"ANDHRA PRADESH",6.966666667,54.53333333,150.9333333,78.06666667
"155","AP","Guntur","Amaravati","Amaravati",16.515,80.39416667,"Lemalle","Dug Well","W04708",1998,8.7,7.05,8.27,0,27.88733333,33.39533333,29.54,25.849,"ANDHRA PRADESH",6.966666667,54.53333333,150.9333333,78.06666667
"156","AP","Guntur","Bellamkonda","Bellamkonda",16.50833333,80.00833333,"Bellamkonda","Dug Well","W03902",1998,3.6,4.38,3.83,6.37,27.88733333,33.39533333,29.54,25.849,"ANDHRA PRADESH",6.966666667,54.53333333,150.9333333,78.06666667
"157","AP","Guntur","Karempudi","Karempudi",16.42916667,79.75444444,"Karampudi","Dug Well","W04251",1998,0,3.98,1.82,2.08,27.88733333,33.39533333,29.54,25.849,"ANDHRA PRADESH",6.966666667,54.53333333,150.9333333,78.06666667
"158","AP","Guntur","Vijayawada(u)","Tadepalli",16.5,80.63333333,"Vijayawada","Dug Well","W04844",1998,9.19,9.51,9.72,9.39,27.88733333,33.39533333,29.54,25.849,"ANDHRA PRADESH",6.966666667,54.53333333,150.9333333,78.06666667
"159","AP","Guntur","Gurajala","Gurajala",16.55833333,79.64166667,"Gurzala","Dug Well","W04249",1998,1.21,1.26,1.73,2.57,27.88733333,33.39533333,29.54,25.849,"ANDHRA PRADESH",6.966666667,54.53333333,150.9333333,78.06666667
"160","AP","Guntur","Krosuru","Krosuru",16.54611111,80.0625,"Dodleru-1","Dug Well","W04021",1998,1.52,3.51,1.73,2.92,27.88733333,33.39533333,29.54,25.849,"ANDHRA PRADESH",6.966666667,54.53333333,150.9333333,78.06666667
"161","AP","Guntur","Atchampeta","Atchampeta",16.54666667,80.14166667,"Krosur","Dug Well","W04247",1998,1,3.08,1.1,4.58,27.88733333,33.39533333,29.54,25.849,"ANDHRA PRADESH",6.966666667,54.53333333,150.9333333,78.06666667
"162","AP","Guntur","Dachepalle","Dachepalle",16.59361111,79.73611111,"Dachepalle-1","Dug Well","W04019",1998,5.55,6.39,6.49,7.21,27.88733333,33.39533333,29.54,25.849,"ANDHRA PRADESH",6.966666667,54.53333333,150.9333333,78.06666667
"163","AP","Guntur","Bellamkonda","Bellamkonda",16.56666667,80,"Utukuru","Dug Well","W04710",1998,1.68,3.03,2.27,5.06,27.88733333,33.39533333,29.54,25.849,"ANDHRA PRADESH",6.966666667,54.53333333,150.9333333,78.06666667
"164","AP","Guntur","Nizampatnam","Nizampatnam",15.91805556,80.67222222,"Nijampatnam","Dug Well","W04724",1998,0.86,0.62,1.43,1.54,27.88733333,33.39533333,29.54,25.849,"ANDHRA PRADESH",6.966666667,54.53333333,150.9333333,78.06666667
"165","AP","Guntur","Tandur","Chilakaluripeta",16.08527778,80.15166667,"Chilkaluripet","Dug Well","W04022",1998,4.25,1.82,3.32,4.03,27.88733333,33.39533333,29.54,25.849,"ANDHRA PRADESH",6.966666667,54.53333333,150.9333333,78.06666667
"166","AP","Guntur","Chebrolu","Chebrolu",16.20416667,80.52777778,"Chebrolu","Dug Well","W04018",1998,1.71,1.7,1.43,2.7,27.88733333,33.39533333,29.54,25.849,"ANDHRA PRADESH",6.966666667,54.53333333,150.9333333,78.06666667
"167","AP","Guntur","Hyderabad M.corp","Bapatla",15.91666667,80.48333333,"Bapatla","Dug Well","W03903",1998,1.8,1.4,1.48,2.01,27.88733333,33.39533333,29.54,25.849,"ANDHRA PRADESH",6.966666667,54.53333333,150.9333333,78.06666667
"168","AP","Guntur","Ipur","Ipur",16.22361111,79.77638889,"Ipur","Dug Well","W04250",1998,2.43,0.63,1.12,2.74,27.88733333,33.39533333,29.54,25.849,"ANDHRA PRADESH",6.966666667,54.53333333,150.9333333,78.06666667
"169","AP","Guntur","Medikonduru","Medikonduru",16.34583333,80.30416667,"Medikondur","Dug Well","W04719",1998,1.47,3.98,2.09,3.43,27.88733333,33.39533333,29.54,25.849,"ANDHRA PRADESH",6.966666667,54.53333333,150.9333333,78.06666667
"170","AP","Guntur","Nekarikallu","Nekarikallu",16.36666667,79.95,"Nekarikallu1","Dug Well","W04722",1998,2.32,1.76,2.21,2.54,27.88733333,33.39533333,29.54,25.849,"ANDHRA PRADESH",6.966666667,54.53333333,150.9333333,78.06666667
"171","AP","Guntur","Tadikonda","Tadikonda",16.44222222,80.4125,"Nidumukkala1","Dug Well","W04741",1998,0,10.09,0,0,27.88733333,33.39533333,29.54,25.849,"ANDHRA PRADESH",6.966666667,54.53333333,150.9333333,78.06666667
"172","AP","Guntur","Durgi","Durgi",16.39916667,79.4675,"Muthukuru","Dug Well","W04713",1998,10.2,5.21,4.19,0,27.88733333,33.39533333,29.54,25.849,"ANDHRA PRADESH",6.966666667,54.53333333,150.9333333,78.06666667
"173","AP","Guntur","Mangalagiri","Mangalagiri",16.42777778,80.56944444,"Mangalagiri","Dug Well","W04718",1998,4.08,3.43,2.74,5.75,27.88733333,33.39533333,29.54,25.849,"ANDHRA PRADESH",6.966666667,54.53333333,150.9333333,78.06666667
"174","AP","Guntur","Sattenapalle","Sattenapalli",16.40055556,80.13333333,"Sattenapalle-2","Dug Well","W04738",1998,0,4.7,0,0,27.88733333,33.39533333,29.54,25.849,"ANDHRA PRADESH",6.966666667,54.53333333,150.9333333,78.06666667
"175","AP","Guntur","Kukatpalle","Repalle",16.02333333,80.84444444,"Repalle","Dug Well","W04715",1998,0.84,1.3,1.32,2.49,27.88733333,33.39533333,29.54,25.849,"ANDHRA PRADESH",6.966666667,54.53333333,150.9333333,78.06666667
"176","AP","Guntur","Phirangipuram","Phirangipuram",16.2875,80.25555556,"Pirangipuram","Dug Well","W04728",1998,5.46,5.12,5.74,7.24,27.88733333,33.39533333,29.54,25.849,"ANDHRA PRADESH",6.966666667,54.53333333,150.9333333,78.06666667
"177","AP","Guntur","Nizampatnam","Nagaram",15.98333333,80.76666667,"Pallapatla","Dug Well","W04725",1998,0.85,1.36,1.52,2.71,27.88733333,33.39533333,29.54,25.849,"ANDHRA PRADESH",6.966666667,54.53333333,150.9333333,78.06666667
"178","AP","Guntur","Meerpet","Vinukonda",16.05333333,79.74833333,"Vinukonda","Dug Well","W04720",1998,8.24,3.11,5.92,6.63,27.88733333,33.39533333,29.54,25.849,"ANDHRA PRADESH",6.966666667,54.53333333,150.9333333,78.06666667
"179","AP","Guntur","Prathipadu","Prathipadu_gnt",16.16666667,80.33333333,"Prattipadu","Dug Well","W04732",1998,1.45,2.91,1.72,2.41,27.88733333,33.39533333,29.54,25.849,"ANDHRA PRADESH",6.966666667,54.53333333,150.9333333,78.06666667
"180","AP","Guntur","Vicarabad","Vemuru",16.16666667,80.75,"Moolpur","Dug Well","W04745",1998,2.75,2.65,0,4.37,27.88733333,33.39533333,29.54,25.849,"ANDHRA PRADESH",6.966666667,54.53333333,150.9333333,78.06666667
"181","AP","Guntur","Tenali","Tenali",16.3,80.63333333,"Sekuru","Dug Well","W04742",1998,2.2,0,1.93,4.48,27.88733333,33.39533333,29.54,25.849,"ANDHRA PRADESH",6.966666667,54.53333333,150.9333333,78.06666667
"182","AP","Guntur","Narsaraopet","Narasaraopet",16.2325,80.055,"Narasaraopet","Dug Well","W04721",1998,5,3.12,3.01,5.46,27.88733333,33.39533333,29.54,25.849,"ANDHRA PRADESH",6.966666667,54.53333333,150.9333333,78.06666667
"183","AP","Guntur","Rompicherla","Rompicherla_gnt",16.25416667,79.925,"Santagudipadu","Dug Well","W04735",1998,0,1.28,0,0,27.88733333,33.39533333,29.54,25.849,"ANDHRA PRADESH",6.966666667,54.53333333,150.9333333,78.06666667
"184","AP","Guntur","Rentachintala","Rentachintala",16.55166667,79.54944444,"Rentachintala-1","Dug Well","W04734",1998,1.3,0.85,1.72,2.13,27.88733333,33.39533333,29.54,25.849,"ANDHRA PRADESH",6.966666667,54.53333333,150.9333333,78.06666667
"185","AP","Guntur","Machavaram","Machavaram",16.58333333,79.88333333,"Murjampadu","Dug Well","W04716",1998,5.65,4.44,0,6.03,27.88733333,33.39533333,29.54,25.849,"ANDHRA PRADESH",6.966666667,54.53333333,150.9333333,78.06666667
"186","AP","Guntur","Chebrolu","Chebrolu",16.26666667,80.54027778,"Vadlamudi","Dug Well","W04711",1998,9.25,8,5.84,11.58,27.88733333,33.39533333,29.54,25.849,"ANDHRA PRADESH",6.966666667,54.53333333,150.9333333,78.06666667
"187","AP","Guntur","Amaravati","Amaravati",16.565,80.25888889,"Zupudi","Dug Well","W04709",1998,1.23,5.98,1.45,7.74,27.88733333,33.39533333,29.54,25.849,"ANDHRA PRADESH",6.966666667,54.53333333,150.9333333,78.06666667
"188","AP","Guntur","Tenali","Tenali",16.23333333,80.60833333,"Anagalakoduru","Dug Well","W03828",1998,0.69,2.13,1.07,3.33,27.88733333,33.39533333,29.54,25.849,"ANDHRA PRADESH",6.966666667,54.53333333,150.9333333,78.06666667
"189","AP","Guntur","Amaravati","Amaravati",16.575,80.36,"Amaravathi","Dug Well","W03827",1998,1.76,2.12,1.47,4.32,27.88733333,33.39533333,29.54,25.849,"ANDHRA PRADESH",6.966666667,54.53333333,150.9333333,78.06666667
"190","AP","Guntur","Karempudi","Karempudi",16.34583333,79.59166667,"Durgi","Dug Well","W04020",1998,0,1.8,4.47,4.71,27.88733333,33.39533333,29.54,25.849,"ANDHRA PRADESH",6.966666667,54.53333333,150.9333333,78.06666667
"191","AP","Guntur","Sattenapalle","Sattenapalli",16.47,80.13833333,"Rentapalle","Dug Well","W04736",1997,6.95,4.27,1.46,5.65,26.202,32.25,29.73533333,26.729,"ANDHRA PRADESH",6.966666667,54.53333333,150.9333333,78.06666667
"192","AP","Guntur","Karempudi","Karempudi",16.34583333,79.59166667,"Durgi","Dug Well","W04020",1997,0,3.46,6.67,0,26.202,32.25,29.73533333,26.729,"ANDHRA PRADESH",6.966666667,54.53333333,150.9333333,78.06666667
"193","AP","Guntur","Macherla","Macherla",16.47333333,79.445,"Macherla-1","Dug Well","W04717",1997,0,5.7,1.47,0,26.202,32.25,29.73533333,26.729,"ANDHRA PRADESH",6.966666667,54.53333333,150.9333333,78.06666667
"194","AP","Guntur","Piduguralla","Piduguralla",16.48333333,79.875,"Pidiguralla-2","Dug Well","W04729",1997,5.5,4.33,3.8,5.47,26.202,32.25,29.73533333,26.729,"ANDHRA PRADESH",6.966666667,54.53333333,150.9333333,78.06666667
"195","AP","Guntur","Krosuru","Krosuru",16.49722222,80.145,"Pisapadu","Dug Well","W04714",1997,4.9,2.59,2.22,3.66,26.202,32.25,29.73533333,26.729,"ANDHRA PRADESH",6.966666667,54.53333333,150.9333333,78.06666667
"196","AP","Guntur","Amaravati","Amaravati",16.515,80.39416667,"Lemalle","Dug Well","W04708",1997,9.11,6.32,8.27,8.28,26.202,32.25,29.73533333,26.729,"ANDHRA PRADESH",6.966666667,54.53333333,150.9333333,78.06666667
"197","AP","Guntur","Bellamkonda","Bellamkonda",16.50833333,80.00833333,"Bellamkonda","Dug Well","W03902",1997,5.54,3.54,3.51,5.7,26.202,32.25,29.73533333,26.729,"ANDHRA PRADESH",6.966666667,54.53333333,150.9333333,78.06666667
"198","AP","Guntur","Karempudi","Karempudi",16.42916667,79.75444444,"Karampudi","Dug Well","W04251",1997,1.62,4.15,1.17,2.03,26.202,32.25,29.73533333,26.729,"ANDHRA PRADESH",6.966666667,54.53333333,150.9333333,78.06666667
"199","AP","Guntur","Vijayawada(u)","Tadepalli",16.5,80.63333333,"Vijayawada","Dug Well","W04844",1997,8.71,9.09,9.26,9.73,26.202,32.25,29.73533333,26.729,"ANDHRA PRADESH",6.966666667,54.53333333,150.9333333,78.06666667
"200","AP","Guntur","Gurajala","Gurajala",16.55833333,79.64166667,"Gurzala","Dug Well","W04249",1997,3.66,2.44,0.11,3.31,26.202,32.25,29.73533333,26.729,"ANDHRA PRADESH",6.966666667,54.53333333,150.9333333,78.06666667
"201","AP","Guntur","Krosuru","Krosuru",16.54611111,80.0625,"Dodleru-1","Dug Well","W04021",1997,5.45,2.88,2.37,4.42,26.202,32.25,29.73533333,26.729,"ANDHRA PRADESH",6.966666667,54.53333333,150.9333333,78.06666667
"202","AP","Guntur","Atchampeta","Atchampeta",16.54666667,80.14166667,"Krosur","Dug Well","W04247",1997,0,1.98,2.05,4.87,26.202,32.25,29.73533333,26.729,"ANDHRA PRADESH",6.966666667,54.53333333,150.9333333,78.06666667
"203","AP","Guntur","Dachepalle","Dachepalle",16.59361111,79.73611111,"Dachepalle-1","Dug Well","W04019",1997,6.35,6.57,5.84,7.28,26.202,32.25,29.73533333,26.729,"ANDHRA PRADESH",6.966666667,54.53333333,150.9333333,78.06666667
"204","AP","Guntur","Bellamkonda","Bellamkonda",16.56666667,80,"Utukuru","Dug Well","W04710",1997,4.65,2.68,3.63,4.42,26.202,32.25,29.73533333,26.729,"ANDHRA PRADESH",6.966666667,54.53333333,150.9333333,78.06666667
"205","AP","Guntur","Nizampatnam","Nizampatnam",15.91805556,80.67222222,"Nijampatnam","Dug Well","W04724",1997,1.64,1.28,0.03,1.63,26.202,32.25,29.73533333,26.729,"ANDHRA PRADESH",6.966666667,54.53333333,150.9333333,78.06666667
"206","AP","Guntur","Tandur","Chilakaluripeta",16.08527778,80.15166667,"Chilkaluripet","Dug Well","W04022",1997,4.35,3.12,0,3.7,26.202,32.25,29.73533333,26.729,"ANDHRA PRADESH",6.966666667,54.53333333,150.9333333,78.06666667
"207","AP","Guntur","Chebrolu","Chebrolu",16.20416667,80.52777778,"Chebrolu","Dug Well","W04018",1997,2.64,1.64,1,3.43,26.202,32.25,29.73533333,26.729,"ANDHRA PRADESH",6.966666667,54.53333333,150.9333333,78.06666667
"208","AP","Guntur","Hyderabad M.corp","Bapatla",15.91666667,80.48333333,"Bapatla","Dug Well","W03903",1997,1.92,1.34,1.37,1.61,26.202,32.25,29.73533333,26.729,"ANDHRA PRADESH",6.966666667,54.53333333,150.9333333,78.06666667
"209","AP","Guntur","Malkajgiri","Cherukupalle",16.08666667,80.75277778,"Battiprolu","Dug Well","W03904",1997,0,4.06,0,4.25,26.202,32.25,29.73533333,26.729,"ANDHRA PRADESH",6.966666667,54.53333333,150.9333333,78.06666667
"210","AP","Guntur","Ipur","Ipur",16.22361111,79.77638889,"Ipur","Dug Well","W04250",1997,1.28,0.51,0.36,1.56,26.202,32.25,29.73533333,26.729,"ANDHRA PRADESH",6.966666667,54.53333333,150.9333333,78.06666667
"211","AP","Guntur","Medikonduru","Medikonduru",16.34583333,80.30416667,"Medikondur","Dug Well","W04719",1997,4.88,3.12,3.82,4.48,26.202,32.25,29.73533333,26.729,"ANDHRA PRADESH",6.966666667,54.53333333,150.9333333,78.06666667
"212","AP","Guntur","Nekarikallu","Nekarikallu",16.36666667,79.95,"Nekarikallu1","Dug Well","W04722",1997,3.35,1.67,1.89,2.6,26.202,32.25,29.73533333,26.729,"ANDHRA PRADESH",6.966666667,54.53333333,150.9333333,78.06666667
"213","AP","Guntur","Tadikonda","Tadikonda",16.44222222,80.4125,"Nidumukkala1","Dug Well","W04741",1997,0,13.63,0.1,0,26.202,32.25,29.73533333,26.729,"ANDHRA PRADESH",6.966666667,54.53333333,150.9333333,78.06666667
"214","AP","Guntur","Durgi","Durgi",16.39916667,79.4675,"Muthukuru","Dug Well","W04713",1997,0,0,6.29,8.42,26.202,32.25,29.73533333,26.729,"ANDHRA PRADESH",6.966666667,54.53333333,150.9333333,78.06666667
"215","AP","Guntur","Mangalagiri","Mangalagiri",16.42777778,80.56944444,"Mangalagiri","Dug Well","W04718",1997,3.72,1.45,3,4.43,26.202,32.25,29.73533333,26.729,"ANDHRA PRADESH",6.966666667,54.53333333,150.9333333,78.06666667
"216","AP","Guntur","Sattenapalle","Sattenapalli",16.40055556,80.13333333,"Sattenapalle-2","Dug Well","W04738",1997,5.64,0,4.77,4.76,26.202,32.25,29.73533333,26.729,"ANDHRA PRADESH",6.966666667,54.53333333,150.9333333,78.06666667
"217","AP","Guntur","Sattenapalle","Sattenapalli",16.4025,80.13333333,"Sattenapalle-1","Dug Well","W04737",1997,0,5.2,0,4.49,26.202,32.25,29.73533333,26.729,"ANDHRA PRADESH",6.966666667,54.53333333,150.9333333,78.06666667
"218","AP","Guntur","Kukatpalle","Repalle",16.02333333,80.84444444,"Repalle","Dug Well","W04715",1997,1.01,1.72,1.04,2.4,26.202,32.25,29.73533333,26.729,"ANDHRA PRADESH",6.966666667,54.53333333,150.9333333,78.06666667
"219","AP","Guntur","Phirangipuram","Phirangipuram",16.2875,80.25555556,"Pirangipuram","Dug Well","W04728",1997,6.4,2.48,5.22,4.87,26.202,32.25,29.73533333,26.729,"ANDHRA PRADESH",6.966666667,54.53333333,150.9333333,78.06666667
"220","AP","Guntur","Nizampatnam","Nagaram",15.98333333,80.76666667,"Pallapatla","Dug Well","W04725",1997,1.25,1.57,0.82,2.48,26.202,32.25,29.73533333,26.729,"ANDHRA PRADESH",6.966666667,54.53333333,150.9333333,78.06666667
"221","AP","Guntur","Meerpet","Vinukonda",16.05333333,79.74833333,"Vinukonda","Dug Well","W04720",1997,10.57,5.02,3.99,7.3,26.202,32.25,29.73533333,26.729,"ANDHRA PRADESH",6.966666667,54.53333333,150.9333333,78.06666667
"222","AP","Guntur","Prathipadu","Prathipadu_gnt",16.16666667,80.33333333,"Prattipadu","Dug Well","W04732",1997,2.51,1.27,1.09,2.02,26.202,32.25,29.73533333,26.729,"ANDHRA PRADESH",6.966666667,54.53333333,150.9333333,78.06666667
"223","AP","Guntur","Vicarabad","Vemuru",16.16666667,80.75,"Moolpur","Dug Well","W04745",1997,5.77,1.24,1.25,4.46,26.202,32.25,29.73533333,26.729,"ANDHRA PRADESH",6.966666667,54.53333333,150.9333333,78.06666667
"224","AP","Guntur","Tenali","Tenali",16.3,80.63333333,"Sekuru","Dug Well","W04742",1997,3.78,2.44,0.5,4.2,26.202,32.25,29.73533333,26.729,"ANDHRA PRADESH",6.966666667,54.53333333,150.9333333,78.06666667
"225","AP","Guntur","Narsaraopet","Narasaraopet",16.2325,80.055,"Narasaraopet","Dug Well","W04721",1997,6.82,3.14,2.25,4.6,26.202,32.25,29.73533333,26.729,"ANDHRA PRADESH",6.966666667,54.53333333,150.9333333,78.06666667
"226","AP","Guntur","Rompicherla","Rompicherla_gnt",16.25416667,79.925,"Santagudipadu","Dug Well","W04735",1997,2.59,1.28,0.14,2.29,26.202,32.25,29.73533333,26.729,"ANDHRA PRADESH",6.966666667,54.53333333,150.9333333,78.06666667
"227","AP","Guntur","Rentachintala","Rentachintala",16.55166667,79.54944444,"Rentachintala-1","Dug Well","W04734",1997,5.69,1.1,0.3,1.94,26.202,32.25,29.73533333,26.729,"ANDHRA PRADESH",6.966666667,54.53333333,150.9333333,78.06666667
"228","AP","Guntur","Machavaram","Machavaram",16.58333333,79.88333333,"Murjampadu","Dug Well","W04716",1997,7.21,5.72,4.41,7.44,26.202,32.25,29.73533333,26.729,"ANDHRA PRADESH",6.966666667,54.53333333,150.9333333,78.06666667
"229","AP","Guntur","Chebrolu","Chebrolu",16.26666667,80.54027778,"Vadlamudi","Dug Well","W04711",1997,10.43,6.92,1.7,8.91,26.202,32.25,29.73533333,26.729,"ANDHRA PRADESH",6.966666667,54.53333333,150.9333333,78.06666667
"230","AP","Guntur","Amaravati","Amaravati",16.565,80.25888889,"Zupudi","Dug Well","W04709",1997,5.63,3.26,5.34,5.25,26.202,32.25,29.73533333,26.729,"ANDHRA PRADESH",6.966666667,54.53333333,150.9333333,78.06666667
"231","AP","Guntur","Tenali","Tenali",16.23333333,80.60833333,"Anagalakoduru","Dug Well","W03828",1997,1.84,2.39,0.55,3.67,26.202,32.25,29.73533333,26.729,"ANDHRA PRADESH",6.966666667,54.53333333,150.9333333,78.06666667
"232","AP","Guntur","Amaravati","Amaravati",16.575,80.36,"Amaravathi","Dug Well","W03827",1997,3.72,2.43,2.17,4.1,26.202,32.25,29.73533333,26.729,"ANDHRA PRADESH",6.966666667,54.53333333,150.9333333,78.06666667
"233","AP","Guntur","Guntur","Guntur",16.29083333,80.45111111,"Guntur","Dug Well","W04248",1997,5.15,2.79,2.4,4.7,26.202,32.25,29.73533333,26.729,"ANDHRA PRADESH",6.966666667,54.53333333,150.9333333,78.06666667
"234","AP","Guntur","Sattenapalle","Sattenapalli",16.47,80.13833333,"Rentapalle","Dug Well","W04736",1996,3.63,4.09,2.46,6.19,26.85066667,32.136,29.10166667,25.42333333,"ANDHRA PRADESH",6.966666667,54.53333333,150.9333333,78.06666667
"235","AP","Guntur","Gurajala","Gurajala",16.55833333,79.64166667,"Gurzala","Dug Well","W04249",1996,3.64,2.34,1.92,3.54,26.85066667,32.136,29.10166667,25.42333333,"ANDHRA PRADESH",6.966666667,54.53333333,150.9333333,78.06666667
"236","AP","Guntur","Macherla","Macherla",16.47333333,79.445,"Macherla-1","Dug Well","W04717",1996,0,5.2,5.03,0,26.85066667,32.136,29.10166667,25.42333333,"ANDHRA PRADESH",6.966666667,54.53333333,150.9333333,78.06666667
"237","AP","Guntur","Piduguralla","Piduguralla",16.48333333,79.875,"Pidiguralla-2","Dug Well","W04729",1996,3.64,4.9,3.68,6.15,26.85066667,32.136,29.10166667,25.42333333,"ANDHRA PRADESH",6.966666667,54.53333333,150.9333333,78.06666667
"238","AP","Guntur","Krosuru","Krosuru",16.49722222,80.145,"Pisapadu","Dug Well","W04714",1996,2.34,2.37,1.89,4.54,26.85066667,32.136,29.10166667,25.42333333,"ANDHRA PRADESH",6.966666667,54.53333333,150.9333333,78.06666667
"239","AP","Guntur","Amaravati","Amaravati",16.515,80.39416667,"Lemalle","Dug Well","W04708",1996,7.33,7.1,5.55,8.76,26.85066667,32.136,29.10166667,25.42333333,"ANDHRA PRADESH",6.966666667,54.53333333,150.9333333,78.06666667
"240","AP","Guntur","Bellamkonda","Bellamkonda",16.50833333,80.00833333,"Bellamkonda","Dug Well","W03902",1996,2.25,3.85,1.78,5.95,26.85066667,32.136,29.10166667,25.42333333,"ANDHRA PRADESH",6.966666667,54.53333333,150.9333333,78.06666667
"241","AP","Guntur","Karempudi","Karempudi",16.42916667,79.75444444,"Karampudi","Dug Well","W04251",1996,3.68,4.31,3.94,0,26.85066667,32.136,29.10166667,25.42333333,"ANDHRA PRADESH",6.966666667,54.53333333,150.9333333,78.06666667
"242","AP","Guntur","Vijayawada(u)","Tadepalli",16.5,80.63333333,"Vijayawada","Dug Well","W04844",1996,9.87,9.61,8.72,9.78,26.85066667,32.136,29.10166667,25.42333333,"ANDHRA PRADESH",6.966666667,54.53333333,150.9333333,78.06666667
"243","AP","Guntur","Krosuru","Krosuru",16.54611111,80.0625,"Dodleru-1","Dug Well","W04021",1996,2.34,2.58,1.96,5.5,26.85066667,32.136,29.10166667,25.42333333,"ANDHRA PRADESH",6.966666667,54.53333333,150.9333333,78.06666667
"244","AP","Guntur","Atchampeta","Atchampeta",16.54666667,80.14166667,"Krosur","Dug Well","W04247",1996,1.08,2.06,1.55,3.63,26.85066667,32.136,29.10166667,25.42333333,"ANDHRA PRADESH",6.966666667,54.53333333,150.9333333,78.06666667
"245","AP","Guntur","Dachepalle","Dachepalle",16.59361111,79.73611111,"Dachepalle-1","Dug Well","W04019",1996,5.22,6.65,6.25,7.48,26.85066667,32.136,29.10166667,25.42333333,"ANDHRA PRADESH",6.966666667,54.53333333,150.9333333,78.06666667
"246","AP","Guntur","Bellamkonda","Bellamkonda",16.56666667,80,"Utukuru","Dug Well","W04710",1996,2.38,3.9,1.97,4.31,26.85066667,32.136,29.10166667,25.42333333,"ANDHRA PRADESH",6.966666667,54.53333333,150.9333333,78.06666667
"247","AP","Guntur","Nizampatnam","Nizampatnam",15.91805556,80.67222222,"Nijampatnam","Dug Well","W04724",1996,0.69,1.12,0.55,1.87,26.85066667,32.136,29.10166667,25.42333333,"ANDHRA PRADESH",6.966666667,54.53333333,150.9333333,78.06666667
"248","AP","Guntur","Tandur","Chilakaluripeta",16.08527778,80.15166667,"Chilkaluripet","Dug Well","W04022",1996,0,3.44,0,4.32,26.85066667,32.136,29.10166667,25.42333333,"ANDHRA PRADESH",6.966666667,54.53333333,150.9333333,78.06666667
"249","AP","Guntur","Chebrolu","Chebrolu",16.20416667,80.52777778,"Chebrolu","Dug Well","W04018",1996,1.02,1.29,1.32,3.61,26.85066667,32.136,29.10166667,25.42333333,"ANDHRA PRADESH",6.966666667,54.53333333,150.9333333,78.06666667
"250","AP","Guntur","Hyderabad M.corp","Bapatla",15.91666667,80.48333333,"Bapatla","Dug Well","W03903",1996,1.67,1.62,1.05,2.27,26.85066667,32.136,29.10166667,25.42333333,"ANDHRA PRADESH",6.966666667,54.53333333,150.9333333,78.06666667
"251","AP","Guntur","Malkajgiri","Cherukupalle",16.08666667,80.75277778,"Battiprolu","Dug Well","W03904",1996,1.23,3.39,1.76,4.53,26.85066667,32.136,29.10166667,25.42333333,"ANDHRA PRADESH",6.966666667,54.53333333,150.9333333,78.06666667
"252","AP","Guntur","Ipur","Ipur",16.22361111,79.77638889,"Ipur","Dug Well","W04250",1996,0.91,0.56,0.51,1.5,26.85066667,32.136,29.10166667,25.42333333,"ANDHRA PRADESH",6.966666667,54.53333333,150.9333333,78.06666667
"253","AP","Guntur","Medikonduru","Medikonduru",16.34583333,80.30416667,"Medikondur","Dug Well","W04719",1996,2.46,3.37,2.68,5.78,26.85066667,32.136,29.10166667,25.42333333,"ANDHRA PRADESH",6.966666667,54.53333333,150.9333333,78.06666667
"254","AP","Guntur","Nekarikallu","Nekarikallu",16.36666667,79.95,"Nekarikallu1","Dug Well","W04722",1996,2.11,1.77,0.95,2.86,26.85066667,32.136,29.10166667,25.42333333,"ANDHRA PRADESH",6.966666667,54.53333333,150.9333333,78.06666667
"255","AP","Guntur","Tadikonda","Tadikonda",16.44222222,80.4125,"Nidumukkala1","Dug Well","W04741",1996,13.45,14.35,11.25,0,26.85066667,32.136,29.10166667,25.42333333,"ANDHRA PRADESH",6.966666667,54.53333333,150.9333333,78.06666667
"256","AP","Guntur","Durgi","Durgi",16.39916667,79.4675,"Muthukuru","Dug Well","W04713",1996,9.72,4.3,6.28,0,26.85066667,32.136,29.10166667,25.42333333,"ANDHRA PRADESH",6.966666667,54.53333333,150.9333333,78.06666667
"257","AP","Guntur","Mangalagiri","Mangalagiri",16.42777778,80.56944444,"Mangalagiri","Dug Well","W04718",1996,2.2,2.16,1.91,3.39,26.85066667,32.136,29.10166667,25.42333333,"ANDHRA PRADESH",6.966666667,54.53333333,150.9333333,78.06666667
"258","AP","Guntur","Sattenapalle","Sattenapalli",16.4025,80.13333333,"Sattenapalle-1","Dug Well","W04737",1996,0,4.83,5.25,6.74,26.85066667,32.136,29.10166667,25.42333333,"ANDHRA PRADESH",6.966666667,54.53333333,150.9333333,78.06666667
"259","AP","Guntur","Kukatpalle","Repalle",16.02333333,80.84444444,"Repalle","Dug Well","W04715",1996,0.83,1.47,0.79,3.19,26.85066667,32.136,29.10166667,25.42333333,"ANDHRA PRADESH",6.966666667,54.53333333,150.9333333,78.06666667
"260","AP","Guntur","Phirangipuram","Phirangipuram",16.2875,80.25555556,"Pirangipuram","Dug Well","W04728",1996,3.82,3.69,2.2,6.83,26.85066667,32.136,29.10166667,25.42333333,"ANDHRA PRADESH",6.966666667,54.53333333,150.9333333,78.06666667
"261","AP","Guntur","Nizampatnam","Nagaram",15.98333333,80.76666667,"Pallapatla","Dug Well","W04725",1996,0.68,1.53,0.72,2.33,26.85066667,32.136,29.10166667,25.42333333,"ANDHRA PRADESH",6.966666667,54.53333333,150.9333333,78.06666667
"262","AP","Guntur","Meerpet","Vinukonda",16.05333333,79.74833333,"Vinukonda","Dug Well","W04720",1996,8.22,5.22,4.57,8.14,26.85066667,32.136,29.10166667,25.42333333,"ANDHRA PRADESH",6.966666667,54.53333333,150.9333333,78.06666667
"263","AP","Guntur","Prathipadu","Prathipadu_gnt",16.16666667,80.33333333,"Prattipadu","Dug Well","W04732",1996,0,1.58,1.05,2.14,26.85066667,32.136,29.10166667,25.42333333,"ANDHRA PRADESH",6.966666667,54.53333333,150.9333333,78.06666667
"264","AP","Guntur","Vicarabad","Vemuru",16.16666667,80.75,"Moolpur","Dug Well","W04745",1996,0.98,3.16,2,1.59,26.85066667,32.136,29.10166667,25.42333333,"ANDHRA PRADESH",6.966666667,54.53333333,150.9333333,78.06666667
"265","AP","Guntur","Tenali","Tenali",16.3,80.63333333,"Sekuru","Dug Well","W04742",1996,0.33,2.46,1.34,4.61,26.85066667,32.136,29.10166667,25.42333333,"ANDHRA PRADESH",6.966666667,54.53333333,150.9333333,78.06666667
"266","AP","Guntur","Narsaraopet","Narasaraopet",16.2325,80.055,"Narasaraopet","Dug Well","W04721",1996,3.76,4,2.79,6.35,26.85066667,32.136,29.10166667,25.42333333,"ANDHRA PRADESH",6.966666667,54.53333333,150.9333333,78.06666667
"267","AP","Guntur","Rompicherla","Rompicherla_gnt",16.25416667,79.925,"Santagudipadu","Dug Well","W04735",1996,1.73,0,1.25,2.49,26.85066667,32.136,29.10166667,25.42333333,"ANDHRA PRADESH",6.966666667,54.53333333,150.9333333,78.06666667
"268","AP","Guntur","Rentachintala","Rentachintala",16.55166667,79.54944444,"Rentachintala-1","Dug Well","W04734",1996,0.6,1.2,0.92,3,26.85066667,32.136,29.10166667,25.42333333,"ANDHRA PRADESH",6.966666667,54.53333333,150.9333333,78.06666667
"269","AP","Guntur","Machavaram","Machavaram",16.58333333,79.88333333,"Murjampadu","Dug Well","W04716",1996,4.49,4.94,5.39,5.65,26.85066667,32.136,29.10166667,25.42333333,"ANDHRA PRADESH",6.966666667,54.53333333,150.9333333,78.06666667
"270","AP","Guntur","Chebrolu","Chebrolu",16.26666667,80.54027778,"Vadlamudi","Dug Well","W04711",1996,4.82,6.85,5.52,9.49,26.85066667,32.136,29.10166667,25.42333333,"ANDHRA PRADESH",6.966666667,54.53333333,150.9333333,78.06666667
"271","AP","Guntur","Amaravati","Amaravati",16.565,80.25888889,"Zupudi","Dug Well","W04709",1996,4.05,2,2.3,4.99,26.85066667,32.136,29.10166667,25.42333333,"ANDHRA PRADESH",6.966666667,54.53333333,150.9333333,78.06666667
"272","AP","Guntur","Tenali","Tenali",16.23333333,80.60833333,"Anagalakoduru","Dug Well","W03828",1996,0.61,2.53,2.98,3.94,26.85066667,32.136,29.10166667,25.42333333,"ANDHRA PRADESH",6.966666667,54.53333333,150.9333333,78.06666667
"273","AP","Guntur","Amaravati","Amaravati",16.575,80.36,"Amaravathi","Dug Well","W03827",1996,2.19,1.71,1.91,3.67,26.85066667,32.136,29.10166667,25.42333333,"ANDHRA PRADESH",6.966666667,54.53333333,150.9333333,78.06666667
"274","AP","Guntur","Guntur","Guntur",16.29083333,80.45111111,"Guntur","Dug Well","W04248",1996,0.37,2.49,1.5,3.85,26.85066667,32.136,29.10166667,25.42333333,"ANDHRA PRADESH",6.966666667,54.53333333,150.9333333,78.06666667
"275","AP","Guntur","Karempudi","Karempudi",16.34583333,79.59166667,"Durgi","Dug Well","W04020",1996,4.15,2.3,3.01,4.86,26.85066667,32.136,29.10166667,25.42333333,"ANDHRA PRADESH",6.966666667,54.53333333,150.9333333,78.06666667
