,STATE,DISTRICT,TEH_NAME,BLOCK_NAME,LAT,LON,SITE_NAME,SITE_TYPE,WLCODE,year,MONSOON,POMRB,POMKH,PREMON,temp_pomrb,temp_premon,temp_monsoon,temp_pomkh,STATE_UT_NAME,rain_pomrb,rain_premon,rain_monsoon,rain_pomkh
1,AP,Krishna,Gampalagudem,Gampalagudem,17,80.52777778,A.konduru,Dug Well,W04140,2002,0,5.93,0,0,26.29333333,31.764,29.71266667,25.517,ANDHRA PRADESH,6.533333333,61.53333333,193.5,80.8
2,AP,Krishna,Pedana,Pedana,16.275,81.18333333,Balliparru,Dug Well,W03923,2002,7.55,1.65,1.05,2.22,26.29333333,31.764,29.71266667,25.517,ANDHRA PRADESH,6.533333333,61.53333333,193.5,80.8
3,AP,Krishna,Gampalagudem,Gampalagudem,17,80.495,Garikapadu,Dug Well,W04312,2002,4.18,2.05,3.98,3.55,26.29333333,31.764,29.71266667,25.517,ANDHRA PRADESH,6.533333333,61.53333333,193.5,80.8
4,AP,Krishna,Gampalagudem,Gampalagudem,16.99444444,80.51666667,Gampalagudem,Dug Well,W04311,2002,2.43,3.48,2.66,3.93,26.29333333,31.764,29.71266667,25.517,ANDHRA PRADESH,6.533333333,61.53333333,193.5,80.8
5,AP,Krishna,Nuzividu,Nuzvid,16.88055556,80.84611111,West tigapalli,Dug Well,W04836,2002,11.6,8,12.37,12.67,26.29333333,31.764,29.71266667,25.517,ANDHRA PRADESH,6.533333333,61.53333333,193.5,80.8
6,AP,Krishna,Jaggayyapeta,Jaggayyapeta,16.86472222,80.09,K.agraharam,Dug Well,W04316,2002,9.18,8.88,9.73,9.4,26.29333333,31.764,29.71266667,25.517,ANDHRA PRADESH,6.533333333,61.53333333,193.5,80.8
7,AP,Krishna,Jaggayyapeta,Jaggayyapeta,16.90138889,80.09583333,Muktyala-PZ 2,Bore Well,W04831,2002,13.05,11.84,0,0,26.29333333,31.764,29.71266667,25.517,ANDHRA PRADESH,6.533333333,61.53333333,193.5,80.8
8,AP,Krishna,A.konduru,A.konduru,16.97916667,80.65833333,Gopalapuram,Dug Well,W04306,2002,6.38,5,7.1,6.25,26.29333333,31.764,29.71266667,25.517,ANDHRA PRADESH,6.533333333,61.53333333,193.5,80.8
9,AP,Krishna,Mylavaram,Mylavaram_kri,16.75416667,80.64166667,Mailavaram,Dug Well,W04833,2002,6.5,4.63,8.13,7.68,26.29333333,31.764,29.71266667,25.517,ANDHRA PRADESH,6.533333333,61.53333333,193.5,80.8
10,AP,Krishna,Nuzividu,Nuzvid,16.78472222,80.855,Nuzivedu,Dug Well,W04835,2002,4.08,3.12,8.02,9.2,26.29333333,31.764,29.71266667,25.517,ANDHRA PRADESH,6.533333333,61.53333333,193.5,80.8
11,AP,Krishna,Mudinepalle,Mudinepalle,16.42333333,81.12,Mudinepalli,Dug Well,W04832,2002,0.29,1.12,0.7,0.85,26.29333333,31.764,29.71266667,25.517,ANDHRA PRADESH,6.533333333,61.53333333,193.5,80.8
12,AP,Krishna,Kothagudem,Challapalli,16.11805556,80.93333333,Challapalli,Dug Well,W04044,2002,0.3,0,0.49,1.77,26.29333333,31.764,29.71266667,25.517,ANDHRA PRADESH,6.533333333,61.53333333,193.5,80.8
13,AP,Krishna,Bapulapadu,Bapulapadu,16.64583333,80.9625,Bapulapadu-3,Tube Well,W03919,2002,29.5,13.63,0,0,26.29333333,31.764,29.71266667,25.517,ANDHRA PRADESH,6.533333333,61.53333333,193.5,80.8
14,AP,Krishna,Kanchikacherla,Kanchikacherla,16.66888889,80.39861111,K.cherla-alt,Dug Well,W04317,2002,3.44,2.53,3.33,3.68,26.29333333,31.764,29.71266667,25.517,ANDHRA PRADESH,6.533333333,61.53333333,193.5,80.8
15,AP,Krishna,Gudivada,Gudivada,16.43333333,80.99166667,Gudivada-1,Dug Well,W04314,2002,0.55,1.05,0.58,1.25,26.29333333,31.764,29.71266667,25.517,ANDHRA PRADESH,6.533333333,61.53333333,193.5,80.8
16,AP,Krishna,Mandavalli,Mandavalli,16.55,81.21666667,Kaikaluru1,Dug Well,W04319,2002,1.87,1.19,1.4,2.2,26.29333333,31.764,29.71266667,25.517,ANDHRA PRADESH,6.533333333,61.53333333,193.5,80.8
17,AP,Krishna,Mudinepalle,Pedana,16.39583333,81.18333333,Kopparagudem,Dug Well,W04321,2002,1.8,1.97,2.02,3.05,26.29333333,31.764,29.71266667,25.517,ANDHRA PRADESH,6.533333333,61.53333333,193.5,80.8
18,AP,Krishna,Gannavaram,Gannavaram,16.55694444,80.84611111,Pedda Autapalli,Dug Well,W04830,2002,4.28,3.86,5.04,6.24,26.29333333,31.764,29.71266667,25.517,ANDHRA PRADESH,6.533333333,61.53333333,193.5,80.8
19,AP,Krishna,Bantumilli,Bantumilli,16.37,81.27388889,Bantumilli,Dug Well,W03915,2002,0,0,0,2.82,26.29333333,31.764,29.71266667,25.517,ANDHRA PRADESH,6.533333333,61.53333333,193.5,80.8
20,AP,Krishna,Bhadrachalam,Pamidimukkala,16.25833333,80.91666667,Kuchipudi,Dug Well,W04309,2002,0.68,1.77,0.85,2.6,26.29333333,31.764,29.71266667,25.517,ANDHRA PRADESH,6.533333333,61.53333333,193.5,80.8
21,AP,Krishna,Ibrahimpatnam,Ibrahimpatnam_kri,16.59166667,80.525,Ibrahimpatnam,Dug Well,W04315,2002,0.55,1.08,1.15,4.55,26.29333333,31.764,29.71266667,25.517,ANDHRA PRADESH,6.533333333,61.53333333,193.5,80.8
22,AP,Krishna,A.konduru,A.konduru,16.93333333,80.70833333,Kummarkuntla,Dug Well,W04308,2002,9.5,9.1,9.68,10.2,26.29333333,31.764,29.71266667,25.517,ANDHRA PRADESH,6.533333333,61.53333333,193.5,80.8
23,AP,Krishna,Vissannapeta,Vissannapeta,16.95,80.8,Vissannapet,Dug Well,W04845,2002,8.1,5.3,8.79,8.83,26.29333333,31.764,29.71266667,25.517,ANDHRA PRADESH,6.533333333,61.53333333,193.5,80.8
24,AP,Krishna,Sarapaka,Machilipatnam,16.2,81.11666667,Sultan nagar,Dug Well,W04840,2002,1.52,1.32,1,2.59,26.29333333,31.764,29.71266667,25.517,ANDHRA PRADESH,6.533333333,61.53333333,193.5,80.8
25,AP,Krishna,Pamarru,Pamarru,16.325,80.96111111,Pamarru-1,Dug Well,W04837,2002,1.93,2.38,1.9,4.17,26.29333333,31.764,29.71266667,25.517,ANDHRA PRADESH,6.533333333,61.53333333,193.5,80.8
26,AP,Krishna,Pedana,Pedana,16.325,81.20833333,Munjuluru,Dug Well,W04839,2002,2.7,2.43,2.35,2.87,26.29333333,31.764,29.71266667,25.517,ANDHRA PRADESH,6.533333333,61.53333333,193.5,80.8
27,AP,Krishna,Tiruvuru,Tiruvuru,17.10833333,80.60833333,Tiruvur,Dug Well,W04841,2002,6.45,6.05,7.35,8.55,26.29333333,31.764,29.71266667,25.517,ANDHRA PRADESH,6.533333333,61.53333333,193.5,80.8
28,AP,Krishna,Pamidimukkala,Pamidimukkala,16.225,80.91666667,Movva,Dug Well,W04838,2002,0.65,1.49,0.76,2.08,26.29333333,31.764,29.71266667,25.517,ANDHRA PRADESH,6.533333333,61.53333333,193.5,80.8
29,AP,Krishna,Khammam,Avanigadda,16.0125,80.91666667,Avanigadda,Dug Well,W03837,2002,2.1,1.9,1.55,3.09,26.29333333,31.764,29.71266667,25.517,ANDHRA PRADESH,6.533333333,61.53333333,193.5,80.8
30,AP,Krishna,A.konduru,A.konduru,17.04166667,80.65,Kakarla,Dug Well,W04307,2002,7.58,7.1,9.99,9.62,26.29333333,31.764,29.71266667,25.517,ANDHRA PRADESH,6.533333333,61.53333333,193.5,80.8
31,AP,Krishna,Gampalagudem,Gampalagudem,17,80.52777778,A.konduru,Dug Well,W04140,2001,5.38,4.58,5.53,5.81,26.37033333,31.28333333,29.49266667,26.01233333,ANDHRA PRADESH,6.533333333,61.53333333,193.5,80.8
32,AP,Krishna,Pedana,Pedana,16.275,81.18333333,Balliparru,Dug Well,W03923,2001,1.15,1.6,1.6,1.69,26.37033333,31.28333333,29.49266667,26.01233333,ANDHRA PRADESH,6.533333333,61.53333333,193.5,80.8
33,AP,Krishna,Gampalagudem,Gampalagudem,17,80.495,Garikapadu,Dug Well,W04312,2001,3.78,2.28,2.3,3.14,26.37033333,31.28333333,29.49266667,26.01233333,ANDHRA PRADESH,6.533333333,61.53333333,193.5,80.8
34,AP,Krishna,Gampalagudem,Gampalagudem,16.99444444,80.51666667,Gampalagudem,Dug Well,W04311,2001,2.87,2.39,2.53,4.33,26.37033333,31.28333333,29.49266667,26.01233333,ANDHRA PRADESH,6.533333333,61.53333333,193.5,80.8
35,AP,Krishna,Nuzividu,Nuzvid,16.88055556,80.84611111,West tigapalli,Dug Well,W04836,2001,9.12,5.17,10.03,11.59,26.37033333,31.28333333,29.49266667,26.01233333,ANDHRA PRADESH,6.533333333,61.53333333,193.5,80.8
36,AP,Krishna,Jaggayyapeta,Jaggayyapeta,16.86472222,80.09,K.agraharam,Dug Well,W04316,2001,8.8,8.98,8.08,9.06,26.37033333,31.28333333,29.49266667,26.01233333,ANDHRA PRADESH,6.533333333,61.53333333,193.5,80.8
37,AP,Krishna,Jaggayyapeta,Jaggayyapeta,16.90138889,80.09583333,Muktyala-PZ 2,Bore Well,W04831,2001,9.59,12.49,9.29,14.01,26.37033333,31.28333333,29.49266667,26.01233333,ANDHRA PRADESH,6.533333333,61.53333333,193.5,80.8
38,AP,Krishna,A.konduru,A.konduru,16.97916667,80.65833333,Gopalapuram,Dug Well,W04306,2001,5.1,4.25,4.44,5.78,26.37033333,31.28333333,29.49266667,26.01233333,ANDHRA PRADESH,6.533333333,61.53333333,193.5,80.8
39,AP,Krishna,Mylavaram,Mylavaram_kri,16.75416667,80.64166667,Mailavaram,Dug Well,W04833,2001,6.45,3.88,4.43,7.62,26.37033333,31.28333333,29.49266667,26.01233333,ANDHRA PRADESH,6.533333333,61.53333333,193.5,80.8
40,AP,Krishna,Nuzividu,Nuzvid,16.78472222,80.855,Nuzivedu,Dug Well,W04835,2001,7.85,2.1,6.13,5,26.37033333,31.28333333,29.49266667,26.01233333,ANDHRA PRADESH,6.533333333,61.53333333,193.5,80.8
41,AP,Krishna,Mudinepalle,Mudinepalle,16.42333333,81.12,Mudinepalli,Dug Well,W04832,2001,1,1.3,1.8,1.39,26.37033333,31.28333333,29.49266667,26.01233333,ANDHRA PRADESH,6.533333333,61.53333333,193.5,80.8
42,AP,Krishna,Kothagudem,Challapalli,16.11805556,80.93333333,Challapalli,Dug Well,W04044,2001,0.52,0.95,0.57,1.8,26.37033333,31.28333333,29.49266667,26.01233333,ANDHRA PRADESH,6.533333333,61.53333333,193.5,80.8
43,AP,Krishna,Bapulapadu,Bapulapadu,16.64583333,80.9625,Bapulapadu-3,Tube Well,W03919,2001,23.26,17.38,13.21,29.5,26.37033333,31.28333333,29.49266667,26.01233333,ANDHRA PRADESH,6.533333333,61.53333333,193.5,80.8
44,AP,Krishna,Kanchikacherla,Kanchikacherla,16.66888889,80.39861111,K.cherla-alt,Dug Well,W04317,2001,3,2.75,1.45,3.01,26.37033333,31.28333333,29.49266667,26.01233333,ANDHRA PRADESH,6.533333333,61.53333333,193.5,80.8
45,AP,Krishna,Agiripalle,Agiripalle,16.62916667,80.85833333,Suraram,Bore Well,W04828,2001,0,0,0,18.74,26.37033333,31.28333333,29.49266667,26.01233333,ANDHRA PRADESH,6.533333333,61.53333333,193.5,80.8
46,AP,Krishna,Gudivada,Gudivada,16.43333333,80.99166667,Gudivada-1,Dug Well,W04314,2001,1.15,2.57,0.9,1.84,26.37033333,31.28333333,29.49266667,26.01233333,ANDHRA PRADESH,6.533333333,61.53333333,193.5,80.8
47,AP,Krishna,Mandavalli,Mandavalli,16.55,81.21666667,Kaikaluru1,Dug Well,W04319,2001,0,0,2.9,0,26.37033333,31.28333333,29.49266667,26.01233333,ANDHRA PRADESH,6.533333333,61.53333333,193.5,80.8
48,AP,Krishna,Mudinepalle,Pedana,16.39583333,81.18333333,Kopparagudem,Dug Well,W04321,2001,1.93,1.98,1.85,0.92,26.37033333,31.28333333,29.49266667,26.01233333,ANDHRA PRADESH,6.533333333,61.53333333,193.5,80.8
49,AP,Krishna,Gannavaram,Gannavaram,16.55694444,80.84611111,Pedda Autapalli,Dug Well,W04830,2001,4.07,4.69,2.67,7.92,26.37033333,31.28333333,29.49266667,26.01233333,ANDHRA PRADESH,6.533333333,61.53333333,193.5,80.8
50,AP,Krishna,Bhadrachalam,Pamidimukkala,16.25833333,80.91666667,Kuchipudi,Dug Well,W04309,2001,1.15,1.63,1.8,2.6,26.37033333,31.28333333,29.49266667,26.01233333,ANDHRA PRADESH,6.533333333,61.53333333,193.5,80.8
51,AP,Krishna,Gannavaram,Gannavaram,16.55083333,80.8,Gannavaram-pn,Bore Well,W04313,2001,1.08,0,0,0,26.37033333,31.28333333,29.49266667,26.01233333,ANDHRA PRADESH,6.533333333,61.53333333,193.5,80.8
52,AP,Krishna,Ibrahimpatnam,Ibrahimpatnam_kri,16.59166667,80.525,Ibrahimpatnam,Dug Well,W04315,2001,0.95,2.1,2,3.16,26.37033333,31.28333333,29.49266667,26.01233333,ANDHRA PRADESH,6.533333333,61.53333333,193.5,80.8
53,AP,Krishna,A.konduru,A.konduru,16.93333333,80.70833333,Kummarkuntla,Dug Well,W04308,2001,9.25,6.51,4.56,7.8,26.37033333,31.28333333,29.49266667,26.01233333,ANDHRA PRADESH,6.533333333,61.53333333,193.5,80.8
54,AP,Krishna,Vissannapeta,Vissannapeta,16.95,80.8,Vissannapet,Dug Well,W04845,2001,7.2,3.84,3.6,8.15,26.37033333,31.28333333,29.49266667,26.01233333,ANDHRA PRADESH,6.533333333,61.53333333,193.5,80.8
55,AP,Krishna,Sarapaka,Machilipatnam,16.2,81.11666667,Sultan nagar,Dug Well,W04840,2001,1.2,1.34,0.87,1.92,26.37033333,31.28333333,29.49266667,26.01233333,ANDHRA PRADESH,6.533333333,61.53333333,193.5,80.8
56,AP,Krishna,Pamarru,Pamarru,16.325,80.96111111,Pamarru-1,Dug Well,W04837,2001,2.62,0,1.75,0,26.37033333,31.28333333,29.49266667,26.01233333,ANDHRA PRADESH,6.533333333,61.53333333,193.5,80.8
57,AP,Krishna,Pedana,Pedana,16.325,81.20833333,Munjuluru,Dug Well,W04839,2001,2.55,2.4,2.05,2.5,26.37033333,31.28333333,29.49266667,26.01233333,ANDHRA PRADESH,6.533333333,61.53333333,193.5,80.8
58,AP,Krishna,Tiruvuru,Tiruvuru,17.10833333,80.60833333,Tiruvur,Dug Well,W04841,2001,0,0,5,0,26.37033333,31.28333333,29.49266667,26.01233333,ANDHRA PRADESH,6.533333333,61.53333333,193.5,80.8
59,AP,Krishna,Tiruvuru,Tiruvuru,17.09166667,80.625,Tiruvur1,Dug Well,W04842,2001,5.38,4.53,0,6.4,26.37033333,31.28333333,29.49266667,26.01233333,ANDHRA PRADESH,6.533333333,61.53333333,193.5,80.8
60,AP,Krishna,Pamidimukkala,Pamidimukkala,16.225,80.91666667,Movva,Dug Well,W04838,2001,1.06,1.58,0.66,2.11,26.37033333,31.28333333,29.49266667,26.01233333,ANDHRA PRADESH,6.533333333,61.53333333,193.5,80.8
61,AP,Krishna,Khammam,Avanigadda,16.0125,80.91666667,Avanigadda,Dug Well,W03837,2001,2.72,1.37,2.75,2.92,26.37033333,31.28333333,29.49266667,26.01233333,ANDHRA PRADESH,6.533333333,61.53333333,193.5,80.8
62,AP,Krishna,A.konduru,A.konduru,17.04166667,80.65,Kakarla,Dug Well,W04307,2001,3.85,4.1,4.9,7.83,26.37033333,31.28333333,29.49266667,26.01233333,ANDHRA PRADESH,6.533333333,61.53333333,193.5,80.8
63,AP,Krishna,Gampalagudem,Gampalagudem,17,80.52777778,A.konduru,Dug Well,W04140,2000,0.68,5.45,3.87,5.69,26.19733333,31.24033333,28.63633333,25.78566667,ANDHRA PRADESH,6.533333333,61.53333333,193.5,80.8
64,AP,Krishna,Pedana,Pedana,16.275,81.18333333,Balliparru,Dug Well,W03923,2000,0.92,2.5,1.36,2.62,26.19733333,31.24033333,28.63633333,25.78566667,ANDHRA PRADESH,6.533333333,61.53333333,193.5,80.8
65,AP,Krishna,Gampalagudem,Gampalagudem,17,80.495,Garikapadu,Dug Well,W04312,2000,2.3,5.1,1.98,3.12,26.19733333,31.24033333,28.63633333,25.78566667,ANDHRA PRADESH,6.533333333,61.53333333,193.5,80.8
66,AP,Krishna,Gampalagudem,Gampalagudem,16.99444444,80.51666667,Gampalagudem,Dug Well,W04311,2000,1.13,3.8,1.49,4.28,26.19733333,31.24033333,28.63633333,25.78566667,ANDHRA PRADESH,6.533333333,61.53333333,193.5,80.8
67,AP,Krishna,Nuzividu,Nuzvid,16.88055556,80.84611111,West tigapalli,Dug Well,W04836,2000,2.57,0,3.1,9.22,26.19733333,31.24033333,28.63633333,25.78566667,ANDHRA PRADESH,6.533333333,61.53333333,193.5,80.8
68,AP,Krishna,Jaggayyapeta,Jaggayyapeta,16.86472222,80.09,K.agraharam,Dug Well,W04316,2000,6.08,10.18,8.1,8.81,26.19733333,31.24033333,28.63633333,25.78566667,ANDHRA PRADESH,6.533333333,61.53333333,193.5,80.8
69,AP,Krishna,Jaggayyapeta,Jaggayyapeta,16.90138889,80.09583333,Muktyala-PZ 2,Bore Well,W04831,2000,2.15,0,9.1,0,26.19733333,31.24033333,28.63633333,25.78566667,ANDHRA PRADESH,6.533333333,61.53333333,193.5,80.8
70,AP,Krishna,A.konduru,A.konduru,16.97916667,80.65833333,Gopalapuram,Dug Well,W04306,2000,1.65,4.31,3.97,9.58,26.19733333,31.24033333,28.63633333,25.78566667,ANDHRA PRADESH,6.533333333,61.53333333,193.5,80.8
71,AP,Krishna,Nandigama,Nandigama,16.78333333,80.28333333,Nandigama-1,Dug Well,W04834,2000,0,2.52,0,0,26.19733333,31.24033333,28.63633333,25.78566667,ANDHRA PRADESH,6.533333333,61.53333333,193.5,80.8
72,AP,Krishna,Mylavaram,Mylavaram_kri,16.75416667,80.64166667,Mailavaram,Dug Well,W04833,2000,5.08,5.5,3.95,0,26.19733333,31.24033333,28.63633333,25.78566667,ANDHRA PRADESH,6.533333333,61.53333333,193.5,80.8
73,AP,Krishna,Nuzividu,Nuzvid,16.78472222,80.855,Nuzivedu,Dug Well,W04835,2000,2.6,6.8,1.16,8.13,26.19733333,31.24033333,28.63633333,25.78566667,ANDHRA PRADESH,6.533333333,61.53333333,193.5,80.8
74,AP,Krishna,Mudinepalle,Mudinepalle,16.42333333,81.12,Mudinepalli,Dug Well,W04832,2000,1.56,1.38,0.92,2.96,26.19733333,31.24033333,28.63633333,25.78566667,ANDHRA PRADESH,6.533333333,61.53333333,193.5,80.8
75,AP,Krishna,Kothagudem,Challapalli,16.11805556,80.93333333,Challapalli,Dug Well,W04044,2000,0.42,1.75,0.78,1.88,26.19733333,31.24033333,28.63633333,25.78566667,ANDHRA PRADESH,6.533333333,61.53333333,193.5,80.8
76,AP,Krishna,Bapulapadu,Bapulapadu,16.64583333,80.9625,Bapulapadu-3,Tube Well,W03919,2000,9.82,0,12.34,0,26.19733333,31.24033333,28.63633333,25.78566667,ANDHRA PRADESH,6.533333333,61.53333333,193.5,80.8
77,AP,Krishna,Kanchikacherla,Kanchikacherla,16.66888889,80.39861111,K.cherla-alt,Dug Well,W04317,2000,1.7,3.95,2.15,3.11,26.19733333,31.24033333,28.63633333,25.78566667,ANDHRA PRADESH,6.533333333,61.53333333,193.5,80.8
78,AP,Krishna,Agiripalle,Agiripalle,16.62916667,80.85833333,Suraram,Bore Well,W04828,2000,5.02,0,0,0,26.19733333,31.24033333,28.63633333,25.78566667,ANDHRA PRADESH,6.533333333,61.53333333,193.5,80.8
79,AP,Krishna,G.konduru,G.konduru,16.75,80.52444444,Ganginenipalem,Dug Well,W04310,2000,5.15,0,2.62,0,26.19733333,31.24033333,28.63633333,25.78566667,ANDHRA PRADESH,6.533333333,61.53333333,193.5,80.8
80,AP,Krishna,Gudivada,Gudivada,16.43333333,80.99166667,Gudivada-1,Dug Well,W04314,2000,0.7,1.96,0.87,1.72,26.19733333,31.24033333,28.63633333,25.78566667,ANDHRA PRADESH,6.533333333,61.53333333,193.5,80.8
81,AP,Krishna,Mudinepalle,Pedana,16.39583333,81.18333333,Kopparagudem,Dug Well,W04321,2000,1.85,2.22,1.84,2.68,26.19733333,31.24033333,28.63633333,25.78566667,ANDHRA PRADESH,6.533333333,61.53333333,193.5,80.8
82,AP,Krishna,Kankipadu,Kankipadu,16.4,80.75,Kankipadu,Dug Well,W04318,2000,2.55,4.9,2.65,6.17,26.19733333,31.24033333,28.63633333,25.78566667,ANDHRA PRADESH,6.533333333,61.53333333,193.5,80.8
83,AP,Krishna,Gannavaram,Gannavaram,16.55694444,80.84611111,Pedda Autapalli,Dug Well,W04830,2000,2.87,6.88,3.62,6.8,26.19733333,31.24033333,28.63633333,25.78566667,ANDHRA PRADESH,6.533333333,61.53333333,193.5,80.8
84,AP,Krishna,Bhadrachalam,Pamidimukkala,16.25833333,80.91666667,Kuchipudi,Dug Well,W04309,2000,0.55,1.75,0.75,2.96,26.19733333,31.24033333,28.63633333,25.78566667,ANDHRA PRADESH,6.533333333,61.53333333,193.5,80.8
85,AP,Krishna,Gannavaram,Gannavaram,16.55083333,80.8,Gannavaram-pn,Bore Well,W04313,2000,2.3,1.3,2.75,0,26.19733333,31.24033333,28.63633333,25.78566667,ANDHRA PRADESH,6.533333333,61.53333333,193.5,80.8
86,AP,Krishna,Ibrahimpatnam,Ibrahimpatnam_kri,16.59166667,80.525,Ibrahimpatnam,Dug Well,W04315,2000,0.9,3.72,1.09,3.84,26.19733333,31.24033333,28.63633333,25.78566667,ANDHRA PRADESH,6.533333333,61.53333333,193.5,80.8
87,AP,Krishna,A.konduru,A.konduru,16.93333333,80.70833333,Kummarkuntla,Dug Well,W04308,2000,3.15,7.72,4.79,9.46,26.19733333,31.24033333,28.63633333,25.78566667,ANDHRA PRADESH,6.533333333,61.53333333,193.5,80.8
88,AP,Krishna,Vissannapeta,Vissannapeta,16.95,80.8,Vissannapet,Dug Well,W04845,2000,1.85,6.64,3.37,9.81,26.19733333,31.24033333,28.63633333,25.78566667,ANDHRA PRADESH,6.533333333,61.53333333,193.5,80.8
89,AP,Krishna,Sarapaka,Machilipatnam,16.2,81.11666667,Sultan nagar,Dug Well,W04840,2000,1.47,2.4,1.2,2.12,26.19733333,31.24033333,28.63633333,25.78566667,ANDHRA PRADESH,6.533333333,61.53333333,193.5,80.8
90,AP,Krishna,Pamarru,Pamarru,16.325,80.96111111,Pamarru-1,Dug Well,W04837,2000,0.85,2.1,0,0,26.19733333,31.24033333,28.63633333,25.78566667,ANDHRA PRADESH,6.533333333,61.53333333,193.5,80.8
91,AP,Krishna,Pedana,Pedana,16.325,81.20833333,Munjuluru,Dug Well,W04839,2000,1.85,3.85,2.11,3.7,26.19733333,31.24033333,28.63633333,25.78566667,ANDHRA PRADESH,6.533333333,61.53333333,193.5,80.8
92,AP,Krishna,Totlavalluru,Thotlavalluru,16.36,80.84666667,Vuyyuru,Dug Well,W04843,2000,0,1.52,0,0,26.19733333,31.24033333,28.63633333,25.78566667,ANDHRA PRADESH,6.533333333,61.53333333,193.5,80.8
93,AP,Krishna,Tiruvuru,Tiruvuru,17.09166667,80.625,Tiruvur1,Dug Well,W04842,2000,2.3,0,3.24,8.03,26.19733333,31.24033333,28.63633333,25.78566667,ANDHRA PRADESH,6.533333333,61.53333333,193.5,80.8
94,AP,Krishna,Pamidimukkala,Pamidimukkala,16.225,80.91666667,Movva,Dug Well,W04838,2000,0.71,2.27,0.86,0,26.19733333,31.24033333,28.63633333,25.78566667,ANDHRA PRADESH,6.533333333,61.53333333,193.5,80.8
95,AP,Krishna,Khammam,Avanigadda,16.0125,80.91666667,Avanigadda,Dug Well,W03837,2000,0.85,3.15,0.44,1.98,26.19733333,31.24033333,28.63633333,25.78566667,ANDHRA PRADESH,6.533333333,61.53333333,193.5,80.8
96,AP,Krishna,A.konduru,A.konduru,17.04166667,80.65,Kakarla,Dug Well,W04307,2000,2.8,5.88,3.72,9.36,26.19733333,31.24033333,28.63633333,25.78566667,ANDHRA PRADESH,6.533333333,61.53333333,193.5,80.8
97,AP,Krishna,Gampalagudem,Gampalagudem,16.99444444,80.51666667,Gampalagudem,Dug Well,W04311,1999,1.48,3.45,2.91,7.2,26.08866667,31.315,29.085,25.70166667,ANDHRA PRADESH,6.533333333,61.53333333,193.5,80.8
98,AP,Krishna,Mudinepalle,Pedana,16.39583333,81.18333333,Kopparagudem,Dug Well,W04321,1999,2.32,2.12,2.5,2.67,26.08866667,31.315,29.085,25.70166667,ANDHRA PRADESH,6.533333333,61.53333333,193.5,80.8
99,AP,Krishna,Kankipadu,Kankipadu,16.4,80.75,Kankipadu,Dug Well,W04318,1999,3.2,2.57,3.02,6.86,26.08866667,31.315,29.085,25.70166667,ANDHRA PRADESH,6.533333333,61.53333333,193.5,80.8
100,AP,Krishna,Gannavaram,Gannavaram,16.55694444,80.84611111,Pedda Autapalli,Dug Well,W04830,1999,4.94,4.94,4.09,8.82,26.08866667,31.315,29.085,25.70166667,ANDHRA PRADESH,6.533333333,61.53333333,193.5,80.8
101,AP,Krishna,Mudinepalle,Mudinepalle,16.42333333,81.12,Mudinepalli,Dug Well,W04832,1999,1.53,1.81,1.48,1.93,26.08866667,31.315,29.085,25.70166667,ANDHRA PRADESH,6.533333333,61.53333333,193.5,80.8
102,AP,Krishna,Kothagudem,Challapalli,16.11805556,80.93333333,Challapalli,Dug Well,W04044,1999,1.39,1.94,1.98,2.8,26.08866667,31.315,29.085,25.70166667,ANDHRA PRADESH,6.533333333,61.53333333,193.5,80.8
103,AP,Krishna,Bapulapadu,Bapulapadu,16.64583333,80.9625,Bapulapadu-3,Tube Well,W03919,1999,15.81,0,0,0,26.08866667,31.315,29.085,25.70166667,ANDHRA PRADESH,6.533333333,61.53333333,193.5,80.8
104,AP,Krishna,Kanchikacherla,Kanchikacherla,16.66888889,80.39861111,K.cherla-alt,Dug Well,W04317,1999,1.06,2.82,2.84,4.92,26.08866667,31.315,29.085,25.70166667,ANDHRA PRADESH,6.533333333,61.53333333,193.5,80.8
105,AP,Krishna,Agiripalle,Agiripalle,16.62916667,80.85833333,Suraram,Bore Well,W04828,1999,0,0,0,4.5,26.08866667,31.315,29.085,25.70166667,ANDHRA PRADESH,6.533333333,61.53333333,193.5,80.8
106,AP,Krishna,G.konduru,G.konduru,16.75,80.52444444,Ganginenipalem,Dug Well,W04310,1999,1.56,0,0,0,26.08866667,31.315,29.085,25.70166667,ANDHRA PRADESH,6.533333333,61.53333333,193.5,80.8
107,AP,Krishna,Nandigama,Nandigama,16.72083333,80.32916667,Keesara,Dug Well,W04322,1999,3.46,2.74,4.6,3.46,26.08866667,31.315,29.085,25.70166667,ANDHRA PRADESH,6.533333333,61.53333333,193.5,80.8
108,AP,Krishna,Nandigama,Nandigama,16.78333333,80.28333333,Nandigama-1,Dug Well,W04834,1999,0.85,1.06,2.19,3.46,26.08866667,31.315,29.085,25.70166667,ANDHRA PRADESH,6.533333333,61.53333333,193.5,80.8
109,AP,Krishna,Mylavaram,Mylavaram_kri,16.75416667,80.64166667,Mailavaram,Dug Well,W04833,1999,4.8,5.24,5.19,5.27,26.08866667,31.315,29.085,25.70166667,ANDHRA PRADESH,6.533333333,61.53333333,193.5,80.8
110,AP,Krishna,Nuzividu,Nuzvid,16.88055556,80.84611111,West tigapalli,Dug Well,W04836,1999,4.25,0,0,0,26.08866667,31.315,29.085,25.70166667,ANDHRA PRADESH,6.533333333,61.53333333,193.5,80.8
111,AP,Krishna,Jaggayyapeta,Jaggayyapeta,16.86472222,80.09,K.agraharam,Dug Well,W04316,1999,7.68,10.18,9.82,10.95,26.08866667,31.315,29.085,25.70166667,ANDHRA PRADESH,6.533333333,61.53333333,193.5,80.8
112,AP,Krishna,Jaggayyapeta,Jaggayyapeta,16.90138889,80.09583333,Muktyala-PZ 2,Bore Well,W04831,1999,7.65,0,0,0,26.08866667,31.315,29.085,25.70166667,ANDHRA PRADESH,6.533333333,61.53333333,193.5,80.8
113,AP,Krishna,A.konduru,A.konduru,16.97916667,80.65833333,Gopalapuram,Dug Well,W04306,1999,3.23,4.41,4.12,6.38,26.08866667,31.315,29.085,25.70166667,ANDHRA PRADESH,6.533333333,61.53333333,193.5,80.8
114,AP,Krishna,A.konduru,A.konduru,17.04166667,80.65,Kakarla,Dug Well,W04307,1999,3.4,4.64,4.67,4.72,26.08866667,31.315,29.085,25.70166667,ANDHRA PRADESH,6.533333333,61.53333333,193.5,80.8
115,AP,Krishna,Gampalagudem,Gampalagudem,17,80.495,Garikapadu,Dug Well,W04312,1999,2.65,3.15,2.35,3.97,26.08866667,31.315,29.085,25.70166667,ANDHRA PRADESH,6.533333333,61.53333333,193.5,80.8
116,AP,Krishna,Tiruvuru,Tiruvuru,17.09166667,80.625,Tiruvur1,Dug Well,W04842,1999,1.74,0,0,0,26.08866667,31.315,29.085,25.70166667,ANDHRA PRADESH,6.533333333,61.53333333,193.5,80.8
117,AP,Krishna,Pamidimukkala,Pamidimukkala,16.225,80.91666667,Movva,Dug Well,W04838,1999,1.28,1.62,2.28,2.94,26.08866667,31.315,29.085,25.70166667,ANDHRA PRADESH,6.533333333,61.53333333,193.5,80.8
118,AP,Krishna,Khammam,Avanigadda,16.0125,80.91666667,Avanigadda,Dug Well,W03837,1999,3.28,1.24,1.42,4.11,26.08866667,31.315,29.085,25.70166667,ANDHRA PRADESH,6.533333333,61.53333333,193.5,80.8
119,AP,Krishna,Pedana,Pedana,16.275,81.18333333,Balliparru,Dug Well,W03923,1999,2.33,1.86,2.08,3.37,26.08866667,31.315,29.085,25.70166667,ANDHRA PRADESH,6.533333333,61.53333333,193.5,80.8
120,AP,Krishna,Vissannapeta,Vissannapeta,16.95,80.8,Vissannapet,Dug Well,W04845,1999,3.53,5.12,5.03,9.23,26.08866667,31.315,29.085,25.70166667,ANDHRA PRADESH,6.533333333,61.53333333,193.5,80.8
121,AP,Krishna,Sarapaka,Machilipatnam,16.2,81.11666667,Sultan nagar,Dug Well,W04840,1999,2.36,2.35,2.06,3.37,26.08866667,31.315,29.085,25.70166667,ANDHRA PRADESH,6.533333333,61.53333333,193.5,80.8
122,AP,Krishna,Pamarru,Pamarru,16.325,80.96111111,Pamarru-1,Dug Well,W04837,1999,1.68,2.12,1.9,2.12,26.08866667,31.315,29.085,25.70166667,ANDHRA PRADESH,6.533333333,61.53333333,193.5,80.8
123,AP,Krishna,Pedana,Pedana,16.325,81.20833333,Munjuluru,Dug Well,W04839,1999,0,3.32,0,3.06,26.08866667,31.315,29.085,25.70166667,ANDHRA PRADESH,6.533333333,61.53333333,193.5,80.8
124,AP,Krishna,Totlavalluru,Thotlavalluru,16.36,80.84666667,Vuyyuru,Dug Well,W04843,1999,0,1.58,0,0,26.08866667,31.315,29.085,25.70166667,ANDHRA PRADESH,6.533333333,61.53333333,193.5,80.8
125,AP,Krishna,Bhadrachalam,Pamidimukkala,16.25833333,80.91666667,Kuchipudi,Dug Well,W04309,1999,1.48,1.64,1.77,3.75,26.08866667,31.315,29.085,25.70166667,ANDHRA PRADESH,6.533333333,61.53333333,193.5,80.8
126,AP,Krishna,Gannavaram,Gannavaram,16.55083333,80.8,Gannavaram-pn,Bore Well,W04313,1999,2.86,2.76,2.01,3.56,26.08866667,31.315,29.085,25.70166667,ANDHRA PRADESH,6.533333333,61.53333333,193.5,80.8
127,AP,Krishna,Ibrahimpatnam,Ibrahimpatnam_kri,16.59166667,80.525,Ibrahimpatnam,Dug Well,W04315,1999,1.8,2.72,2.65,5.73,26.08866667,31.315,29.085,25.70166667,ANDHRA PRADESH,6.533333333,61.53333333,193.5,80.8
128,AP,Krishna,A.konduru,A.konduru,16.93333333,80.70833333,Kummarkuntla,Dug Well,W04308,1999,5.77,6.22,6.55,8,26.08866667,31.315,29.085,25.70166667,ANDHRA PRADESH,6.533333333,61.53333333,193.5,80.8
129,AP,Krishna,Gudivada,Gudivada,16.43333333,80.99166667,Gudivada-1,Dug Well,W04314,1999,1.06,1.82,1.4,2.53,26.08866667,31.315,29.085,25.70166667,ANDHRA PRADESH,6.533333333,61.53333333,193.5,80.8
130,AP,Krishna,Gampalagudem,Gampalagudem,17,80.52777778,A.konduru,Dug Well,W04140,1999,3.9,5.66,4.5,5.34,26.08866667,31.315,29.085,25.70166667,ANDHRA PRADESH,6.533333333,61.53333333,193.5,80.8
131,AP,Krishna,Gampalagudem,Gampalagudem,17,80.52777778,A.konduru,Dug Well,W04140,1998,3.46,5.26,3.21,2.56,27.16966667,32.489,29.25033333,25.71333333,ANDHRA PRADESH,6.533333333,61.53333333,193.5,80.8
132,AP,Krishna,Mudinepalle,Pedana,16.39583333,81.18333333,Kopparagudem,Dug Well,W04321,1998,0.9,1.85,2.47,3.38,27.16966667,32.489,29.25033333,25.71333333,ANDHRA PRADESH,6.533333333,61.53333333,193.5,80.8
133,AP,Krishna,Gannavaram,Gannavaram,16.55694444,80.84611111,Pedda Autapalli,Dug Well,W04830,1998,3.52,6.27,2.14,7.37,27.16966667,32.489,29.25033333,25.71333333,ANDHRA PRADESH,6.533333333,61.53333333,193.5,80.8
134,AP,Krishna,Mudinepalle,Mudinepalle,16.42333333,81.12,Mudinepalli,Dug Well,W04832,1998,0.8,1,1.28,3.51,27.16966667,32.489,29.25033333,25.71333333,ANDHRA PRADESH,6.533333333,61.53333333,193.5,80.8
135,AP,Krishna,Kothagudem,Challapalli,16.11805556,80.93333333,Challapalli,Dug Well,W04044,1998,0.62,0.74,1.24,1.97,27.16966667,32.489,29.25033333,25.71333333,ANDHRA PRADESH,6.533333333,61.53333333,193.5,80.8
136,AP,Krishna,Kanchikacherla,Kanchikacherla,16.66888889,80.39861111,K.cherla-alt,Dug Well,W04317,1998,0.15,0.4,1.21,3.8,27.16966667,32.489,29.25033333,25.71333333,ANDHRA PRADESH,6.533333333,61.53333333,193.5,80.8
137,AP,Krishna,Agiripalle,Agiripalle,16.62916667,80.85833333,Suraram,Bore Well,W04828,1998,0,0,0,17.22,27.16966667,32.489,29.25033333,25.71333333,ANDHRA PRADESH,6.533333333,61.53333333,193.5,80.8
138,AP,Krishna,Nandigama,Nandigama,16.72083333,80.32916667,Keesara,Dug Well,W04322,1998,4.32,6.93,1.54,8.17,27.16966667,32.489,29.25033333,25.71333333,ANDHRA PRADESH,6.533333333,61.53333333,193.5,80.8
139,AP,Krishna,Nandigama,Nandigama,16.78333333,80.28333333,Nandigama-1,Dug Well,W04834,1998,0.29,2.16,0.86,3.29,27.16966667,32.489,29.25033333,25.71333333,ANDHRA PRADESH,6.533333333,61.53333333,193.5,80.8
140,AP,Krishna,Mylavaram,Mylavaram_kri,16.75416667,80.64166667,Mailavaram,Dug Well,W04833,1998,4.03,5.55,3.48,5.88,27.16966667,32.489,29.25033333,25.71333333,ANDHRA PRADESH,6.533333333,61.53333333,193.5,80.8
141,AP,Krishna,Nuzividu,Nuzvid,16.78472222,80.855,Nuzivedu,Dug Well,W04835,1998,0,6.01,0,8.2,27.16966667,32.489,29.25033333,25.71333333,ANDHRA PRADESH,6.533333333,61.53333333,193.5,80.8
142,AP,Krishna,Nuzividu,Nuzvid,16.88055556,80.84611111,West tigapalli,Dug Well,W04836,1998,3.78,6.75,0,10.42,27.16966667,32.489,29.25033333,25.71333333,ANDHRA PRADESH,6.533333333,61.53333333,193.5,80.8
143,AP,Krishna,Jaggayyapeta,Jaggayyapeta,16.86472222,80.09,K.agraharam,Dug Well,W04316,1998,6.68,8.96,8.02,9.18,27.16966667,32.489,29.25033333,25.71333333,ANDHRA PRADESH,6.533333333,61.53333333,193.5,80.8
144,AP,Krishna,A.konduru,A.konduru,16.97916667,80.65833333,Gopalapuram,Dug Well,W04306,1998,1.9,5.29,2.42,6.25,27.16966667,32.489,29.25033333,25.71333333,ANDHRA PRADESH,6.533333333,61.53333333,193.5,80.8
145,AP,Krishna,A.konduru,A.konduru,17.04166667,80.65,Kakarla,Dug Well,W04307,1998,5.43,7.7,4.02,9.7,27.16966667,32.489,29.25033333,25.71333333,ANDHRA PRADESH,6.533333333,61.53333333,193.5,80.8
146,AP,Krishna,Gampalagudem,Gampalagudem,17,80.495,Garikapadu,Dug Well,W04312,1998,4.8,2.73,1.7,2.95,27.16966667,32.489,29.25033333,25.71333333,ANDHRA PRADESH,6.533333333,61.53333333,193.5,80.8
147,AP,Krishna,Gampalagudem,Gampalagudem,16.99444444,80.51666667,Gampalagudem,Dug Well,W04311,1998,0.33,2.81,2.08,5.35,27.16966667,32.489,29.25033333,25.71333333,ANDHRA PRADESH,6.533333333,61.53333333,193.5,80.8
148,AP,Krishna,Tiruvuru,Tiruvuru,17.10833333,80.60833333,Tiruvur,Dug Well,W04841,1998,0,4.27,0,7.05,27.16966667,32.489,29.25033333,25.71333333,ANDHRA PRADESH,6.533333333,61.53333333,193.5,80.8
149,AP,Krishna,Pamidimukkala,Pamidimukkala,16.225,80.91666667,Movva,Dug Well,W04838,1998,0.81,1.14,1,1.69,27.16966667,32.489,29.25033333,25.71333333,ANDHRA PRADESH,6.533333333,61.53333333,193.5,80.8
150,AP,Krishna,Khammam,Avanigadda,16.0125,80.91666667,Avanigadda,Dug Well,W03837,1998,0.6,1.02,0.98,3.15,27.16966667,32.489,29.25033333,25.71333333,ANDHRA PRADESH,6.533333333,61.53333333,193.5,80.8
151,AP,Krishna,Pedana,Pedana,16.275,81.18333333,Balliparru,Dug Well,W03923,1998,0.3,0.55,1.1,1.28,27.16966667,32.489,29.25033333,25.71333333,ANDHRA PRADESH,6.533333333,61.53333333,193.5,80.8
152,AP,Krishna,Vissannapeta,Vissannapeta,16.95,80.8,Vissannapet,Dug Well,W04845,1998,2.48,6.06,3.04,9.7,27.16966667,32.489,29.25033333,25.71333333,ANDHRA PRADESH,6.533333333,61.53333333,193.5,80.8
153,AP,Krishna,Sarapaka,Machilipatnam,16.2,81.11666667,Sultan nagar,Dug Well,W04840,1998,0.52,0.37,2.32,2.3,27.16966667,32.489,29.25033333,25.71333333,ANDHRA PRADESH,6.533333333,61.53333333,193.5,80.8
154,AP,Krishna,Pamarru,Pamarru,16.325,80.96111111,Pamarru-1,Dug Well,W04837,1998,0.95,1,1.74,1.38,27.16966667,32.489,29.25033333,25.71333333,ANDHRA PRADESH,6.533333333,61.53333333,193.5,80.8
155,AP,Krishna,Pedana,Pedana,16.325,81.20833333,Munjuluru,Dug Well,W04839,1998,0.6,2.1,2.74,3.22,27.16966667,32.489,29.25033333,25.71333333,ANDHRA PRADESH,6.533333333,61.53333333,193.5,80.8
156,AP,Krishna,Totlavalluru,Thotlavalluru,16.36,80.84666667,Vuyyuru,Dug Well,W04843,1998,0.3,0.47,1.32,2.56,27.16966667,32.489,29.25033333,25.71333333,ANDHRA PRADESH,6.533333333,61.53333333,193.5,80.8
157,AP,Krishna,Bhadrachalam,Pamidimukkala,16.25833333,80.91666667,Kuchipudi,Dug Well,W04309,1998,0.9,1.87,0.96,2.82,27.16966667,32.489,29.25033333,25.71333333,ANDHRA PRADESH,6.533333333,61.53333333,193.5,80.8
158,AP,Krishna,Gannavaram,Gannavaram,16.55083333,80.8,Gannavaram-pn,Bore Well,W04313,1998,2.55,3.25,1.24,4.92,27.16966667,32.489,29.25033333,25.71333333,ANDHRA PRADESH,6.533333333,61.53333333,193.5,80.8
159,AP,Krishna,Ibrahimpatnam,Ibrahimpatnam_kri,16.59166667,80.525,Ibrahimpatnam,Dug Well,W04315,1998,1,2.92,1.57,4.9,27.16966667,32.489,29.25033333,25.71333333,ANDHRA PRADESH,6.533333333,61.53333333,193.5,80.8
160,AP,Krishna,A.konduru,A.konduru,16.93333333,80.70833333,Kummarkuntla,Dug Well,W04308,1998,4.9,8.25,4.62,9.52,27.16966667,32.489,29.25033333,25.71333333,ANDHRA PRADESH,6.533333333,61.53333333,193.5,80.8
161,AP,Krishna,Gudivada,Gudivada,16.43333333,80.99166667,Gudivada-1,Dug Well,W04314,1998,0.1,0.64,1.42,1.53,27.16966667,32.489,29.25033333,25.71333333,ANDHRA PRADESH,6.533333333,61.53333333,193.5,80.8
162,AP,Krishna,Kankipadu,Kankipadu,16.4,80.75,Kankipadu,Dug Well,W04318,1998,2.15,4.3,2.6,6.25,27.16966667,32.489,29.25033333,25.71333333,ANDHRA PRADESH,6.533333333,61.53333333,193.5,80.8
163,AP,Krishna,Gampalagudem,Gampalagudem,17,80.52777778,A.konduru,Dug Well,W04140,1997,5.1,4.29,5,5.09,25.572,31.592,29.52866667,26.50333333,ANDHRA PRADESH,6.533333333,61.53333333,193.5,80.8
164,AP,Krishna,Kankipadu,Kankipadu,16.4,80.75,Kankipadu,Dug Well,W04318,1997,2.67,4.27,2.12,5.89,25.572,31.592,29.52866667,26.50333333,ANDHRA PRADESH,6.533333333,61.53333333,193.5,80.8
165,AP,Krishna,Gannavaram,Gannavaram,16.55694444,80.84611111,Pedda Autapalli,Dug Well,W04830,1997,5.32,3.88,5,5.63,25.572,31.592,29.52866667,26.50333333,ANDHRA PRADESH,6.533333333,61.53333333,193.5,80.8
166,AP,Krishna,Mudinepalle,Mudinepalle,16.42333333,81.12,Mudinepalli,Dug Well,W04832,1997,1.16,0.91,1.39,0.6,25.572,31.592,29.52866667,26.50333333,ANDHRA PRADESH,6.533333333,61.53333333,193.5,80.8
167,AP,Krishna,Kothagudem,Challapalli,16.11805556,80.93333333,Challapalli,Dug Well,W04044,1997,0.82,0.64,0.8,1.77,25.572,31.592,29.52866667,26.50333333,ANDHRA PRADESH,6.533333333,61.53333333,193.5,80.8
168,AP,Krishna,Kanchikacherla,Kanchikacherla,16.66888889,80.39861111,K.cherla-alt,Dug Well,W04317,1997,2.43,4.92,2.2,2.3,25.572,31.592,29.52866667,26.50333333,ANDHRA PRADESH,6.533333333,61.53333333,193.5,80.8
169,AP,Krishna,Nandigama,Nandigama,16.72083333,80.32916667,Keesara,Dug Well,W04322,1997,8.07,4.59,6.99,7.89,25.572,31.592,29.52866667,26.50333333,ANDHRA PRADESH,6.533333333,61.53333333,193.5,80.8
170,AP,Krishna,Nandigama,Nandigama,16.78333333,80.28333333,Nandigama-1,Dug Well,W04834,1997,2.77,1.44,1.86,3.85,25.572,31.592,29.52866667,26.50333333,ANDHRA PRADESH,6.533333333,61.53333333,193.5,80.8
171,AP,Krishna,Mylavaram,Mylavaram_kri,16.75416667,80.64166667,Mailavaram,Dug Well,W04833,1997,5.63,3.81,4.58,5.66,25.572,31.592,29.52866667,26.50333333,ANDHRA PRADESH,6.533333333,61.53333333,193.5,80.8
172,AP,Krishna,Nuzividu,Nuzvid,16.78472222,80.855,Nuzivedu,Dug Well,W04835,1997,5.4,3.14,7.3,5.52,25.572,31.592,29.52866667,26.50333333,ANDHRA PRADESH,6.533333333,61.53333333,193.5,80.8
173,AP,Krishna,Nuzividu,Nuzvid,16.88055556,80.84611111,West tigapalli,Dug Well,W04836,1997,7.42,5.5,7.37,8.18,25.572,31.592,29.52866667,26.50333333,ANDHRA PRADESH,6.533333333,61.53333333,193.5,80.8
174,AP,Krishna,Jaggayyapeta,Jaggayyapeta,16.86472222,80.09,K.agraharam,Dug Well,W04316,1997,8.03,8.68,8.15,8.78,25.572,31.592,29.52866667,26.50333333,ANDHRA PRADESH,6.533333333,61.53333333,193.5,80.8
175,AP,Krishna,A.konduru,A.konduru,16.97916667,80.65833333,Gopalapuram,Dug Well,W04306,1997,5.25,3.82,7.51,6.4,25.572,31.592,29.52866667,26.50333333,ANDHRA PRADESH,6.533333333,61.53333333,193.5,80.8
176,AP,Krishna,A.konduru,A.konduru,17.04166667,80.65,Kakarla,Dug Well,W04307,1997,8.94,6.57,7.92,8.75,25.572,31.592,29.52866667,26.50333333,ANDHRA PRADESH,6.533333333,61.53333333,193.5,80.8
177,AP,Krishna,Gampalagudem,Gampalagudem,17,80.495,Garikapadu,Dug Well,W04312,1997,2.65,2.9,1.1,3.5,25.572,31.592,29.52866667,26.50333333,ANDHRA PRADESH,6.533333333,61.53333333,193.5,80.8
178,AP,Krishna,Gampalagudem,Gampalagudem,16.99444444,80.51666667,Gampalagudem,Dug Well,W04311,1997,3.63,2.19,3.65,5,25.572,31.592,29.52866667,26.50333333,ANDHRA PRADESH,6.533333333,61.53333333,193.5,80.8
179,AP,Krishna,Tiruvuru,Tiruvuru,17.10833333,80.60833333,Tiruvur,Dug Well,W04841,1997,4.7,2.63,3.81,5.2,25.572,31.592,29.52866667,26.50333333,ANDHRA PRADESH,6.533333333,61.53333333,193.5,80.8
180,AP,Krishna,Pamidimukkala,Pamidimukkala,16.225,80.91666667,Movva,Dug Well,W04838,1997,0.7,1,1.24,2.24,25.572,31.592,29.52866667,26.50333333,ANDHRA PRADESH,6.533333333,61.53333333,193.5,80.8
181,AP,Krishna,Khammam,Avanigadda,16.0125,80.91666667,Avanigadda,Dug Well,W03837,1997,3.03,1.02,0.95,3.54,25.572,31.592,29.52866667,26.50333333,ANDHRA PRADESH,6.533333333,61.53333333,193.5,80.8
182,AP,Krishna,Pedana,Pedana,16.275,81.18333333,Balliparru,Dug Well,W03923,1997,0.51,0.58,0.78,1.38,25.572,31.592,29.52866667,26.50333333,ANDHRA PRADESH,6.533333333,61.53333333,193.5,80.8
183,AP,Krishna,Vissannapeta,Vissannapeta,16.95,80.8,Vissannapet,Dug Well,W04845,1997,5.45,3.98,5.04,8.38,25.572,31.592,29.52866667,26.50333333,ANDHRA PRADESH,6.533333333,61.53333333,193.5,80.8
184,AP,Krishna,Sarapaka,Machilipatnam,16.2,81.11666667,Sultan nagar,Dug Well,W04840,1997,1.21,1.47,1.47,2.77,25.572,31.592,29.52866667,26.50333333,ANDHRA PRADESH,6.533333333,61.53333333,193.5,80.8
185,AP,Krishna,Pamarru,Pamarru,16.325,80.96111111,Pamarru-1,Dug Well,W04837,1997,0.43,1.12,0.64,1.41,25.572,31.592,29.52866667,26.50333333,ANDHRA PRADESH,6.533333333,61.53333333,193.5,80.8
186,AP,Krishna,Pedana,Pedana,16.325,81.20833333,Munjuluru,Dug Well,W04839,1997,2.3,2.29,0.67,2.98,25.572,31.592,29.52866667,26.50333333,ANDHRA PRADESH,6.533333333,61.53333333,193.5,80.8
187,AP,Krishna,Totlavalluru,Thotlavalluru,16.36,80.84666667,Vuyyuru,Dug Well,W04843,1997,0.53,0.73,0.57,2.38,25.572,31.592,29.52866667,26.50333333,ANDHRA PRADESH,6.533333333,61.53333333,193.5,80.8
188,AP,Krishna,Bhadrachalam,Pamidimukkala,16.25833333,80.91666667,Kuchipudi,Dug Well,W04309,1997,1.03,4.92,0.88,3.09,25.572,31.592,29.52866667,26.50333333,ANDHRA PRADESH,6.533333333,61.53333333,193.5,80.8
189,AP,Krishna,Gannavaram,Gannavaram,16.55083333,80.8,Gannavaram-pn,Bore Well,W04313,1997,3.3,2.02,2.95,3.63,25.572,31.592,29.52866667,26.50333333,ANDHRA PRADESH,6.533333333,61.53333333,193.5,80.8
190,AP,Krishna,Ibrahimpatnam,Ibrahimpatnam_kri,16.59166667,80.525,Ibrahimpatnam,Dug Well,W04315,1997,2.12,2.75,1.37,4.83,25.572,31.592,29.52866667,26.50333333,ANDHRA PRADESH,6.533333333,61.53333333,193.5,80.8
191,AP,Krishna,A.konduru,A.konduru,16.93333333,80.70833333,Kummarkuntla,Dug Well,W04308,1997,3,5.54,2.21,7.32,25.572,31.592,29.52866667,26.50333333,ANDHRA PRADESH,6.533333333,61.53333333,193.5,80.8
192,AP,Krishna,Gudivada,Gudivada,16.43333333,80.99166667,Gudivada-1,Dug Well,W04314,1997,2.11,1.11,0.72,1.84,25.572,31.592,29.52866667,26.50333333,ANDHRA PRADESH,6.533333333,61.53333333,193.5,80.8
193,AP,Krishna,Mandavalli,Mandavalli,16.55,81.21666667,Kaikaluru1,Dug Well,W04319,1997,0.4,1.11,0.15,1.11,25.572,31.592,29.52866667,26.50333333,ANDHRA PRADESH,6.533333333,61.53333333,193.5,80.8
194,AP,Krishna,Mudinepalle,Pedana,16.39583333,81.18333333,Kopparagudem,Dug Well,W04321,1997,2,1.2,1.11,3.27,25.572,31.592,29.52866667,26.50333333,ANDHRA PRADESH,6.533333333,61.53333333,193.5,80.8
195,AP,Krishna,Gampalagudem,Gampalagudem,17,80.52777778,A.konduru,Dug Well,W04140,1996,3.38,2.76,3.69,2.33,26.01533333,31.407,28.928,25.294,ANDHRA PRADESH,6.533333333,61.53333333,193.5,80.8
196,AP,Krishna,Kankipadu,Kankipadu,16.4,80.75,Kankipadu,Dug Well,W04318,1996,2.04,4.08,2.03,5.93,26.01533333,31.407,28.928,25.294,ANDHRA PRADESH,6.533333333,61.53333333,193.5,80.8
197,AP,Krishna,Bapulapadu,Bapulapadu,16.6,80.91666667,Veeravalli-pn,Bore Well,W04829,1996,0,4.28,5.52,0,26.01533333,31.407,28.928,25.294,ANDHRA PRADESH,6.533333333,61.53333333,193.5,80.8
198,AP,Krishna,Mudinepalle,Mudinepalle,16.42333333,81.12,Mudinepalli,Dug Well,W04832,1996,0.69,1.35,0.64,1.79,26.01533333,31.407,28.928,25.294,ANDHRA PRADESH,6.533333333,61.53333333,193.5,80.8
199,AP,Krishna,Kothagudem,Challapalli,16.11805556,80.93333333,Challapalli,Dug Well,W04044,1996,0.49,0.63,0.56,1.58,26.01533333,31.407,28.928,25.294,ANDHRA PRADESH,6.533333333,61.53333333,193.5,80.8
200,AP,Krishna,Kanchikacherla,Kanchikacherla,16.66888889,80.39861111,K.cherla-alt,Dug Well,W04317,1996,1.58,2.48,0,3.5,26.01533333,31.407,28.928,25.294,ANDHRA PRADESH,6.533333333,61.53333333,193.5,80.8
201,AP,Krishna,Agiripalle,Agiripalle,16.62916667,80.85833333,Suraram,Bore Well,W04828,1996,15.13,0,12.87,16.18,26.01533333,31.407,28.928,25.294,ANDHRA PRADESH,6.533333333,61.53333333,193.5,80.8
202,AP,Krishna,Nandigama,Nandigama,16.72083333,80.32916667,Keesara,Dug Well,W04322,1996,4.65,4.24,4.02,7.19,26.01533333,31.407,28.928,25.294,ANDHRA PRADESH,6.533333333,61.53333333,193.5,80.8
203,AP,Krishna,Nandigama,Nandigama,16.78333333,80.28333333,Nandigama-1,Dug Well,W04834,1996,1.62,0.93,1.02,2.62,26.01533333,31.407,28.928,25.294,ANDHRA PRADESH,6.533333333,61.53333333,193.5,80.8
204,AP,Krishna,Mylavaram,Mylavaram_kri,16.75416667,80.64166667,Mailavaram,Dug Well,W04833,1996,3.9,3.93,3.63,5.79,26.01533333,31.407,28.928,25.294,ANDHRA PRADESH,6.533333333,61.53333333,193.5,80.8
205,AP,Krishna,Nuzividu,Nuzvid,16.78472222,80.855,Nuzivedu,Dug Well,W04835,1996,2.01,2.88,1.37,5.86,26.01533333,31.407,28.928,25.294,ANDHRA PRADESH,6.533333333,61.53333333,193.5,80.8
206,AP,Krishna,Nuzividu,Nuzvid,16.88055556,80.84611111,West tigapalli,Dug Well,W04836,1996,4.7,0,4.41,6.81,26.01533333,31.407,28.928,25.294,ANDHRA PRADESH,6.533333333,61.53333333,193.5,80.8
207,AP,Krishna,Jaggayyapeta,Jaggayyapeta,16.86472222,80.09,K.agraharam,Dug Well,W04316,1996,6.67,8.76,7.66,8.8,26.01533333,31.407,28.928,25.294,ANDHRA PRADESH,6.533333333,61.53333333,193.5,80.8
208,AP,Krishna,A.konduru,A.konduru,16.97916667,80.65833333,Gopalapuram,Dug Well,W04306,1996,1.92,3.89,2.6,5.95,26.01533333,31.407,28.928,25.294,ANDHRA PRADESH,6.533333333,61.53333333,193.5,80.8
209,AP,Krishna,A.konduru,A.konduru,17.04166667,80.65,Kakarla,Dug Well,W04307,1996,6.65,6.2,5.81,10.38,26.01533333,31.407,28.928,25.294,ANDHRA PRADESH,6.533333333,61.53333333,193.5,80.8
210,AP,Krishna,Gampalagudem,Gampalagudem,17,80.495,Garikapadu,Dug Well,W04312,1996,2.77,2.66,2.06,3.56,26.01533333,31.407,28.928,25.294,ANDHRA PRADESH,6.533333333,61.53333333,193.5,80.8
211,AP,Krishna,Gampalagudem,Gampalagudem,16.99444444,80.51666667,Gampalagudem,Dug Well,W04311,1996,0.48,2.93,1.66,4.38,26.01533333,31.407,28.928,25.294,ANDHRA PRADESH,6.533333333,61.53333333,193.5,80.8
212,AP,Krishna,Tiruvuru,Tiruvuru,17.10833333,80.60833333,Tiruvur,Dug Well,W04841,1996,1.25,2.6,1.73,5,26.01533333,31.407,28.928,25.294,ANDHRA PRADESH,6.533333333,61.53333333,193.5,80.8
213,AP,Krishna,Pamidimukkala,Pamidimukkala,16.225,80.91666667,Movva,Dug Well,W04838,1996,0.4,0.92,0.57,1.66,26.01533333,31.407,28.928,25.294,ANDHRA PRADESH,6.533333333,61.53333333,193.5,80.8
214,AP,Krishna,Khammam,Avanigadda,16.0125,80.91666667,Avanigadda,Dug Well,W03837,1996,0.49,1.2,0.38,3.31,26.01533333,31.407,28.928,25.294,ANDHRA PRADESH,6.533333333,61.53333333,193.5,80.8
215,AP,Krishna,Pedana,Pedana,16.275,81.18333333,Balliparru,Dug Well,W03923,1996,0.46,1.1,0.3,1.61,26.01533333,31.407,28.928,25.294,ANDHRA PRADESH,6.533333333,61.53333333,193.5,80.8
216,AP,Krishna,Bapulapadu,Bapulapadu,16.625,80.96666667,Bapulapadu,Dug Well,W03917,1996,0,9.25,0,12.92,26.01533333,31.407,28.928,25.294,ANDHRA PRADESH,6.533333333,61.53333333,193.5,80.8
217,AP,Krishna,Vissannapeta,Vissannapeta,16.95,80.8,Vissannapet,Dug Well,W04845,1996,2.35,4.29,2.04,11.29,26.01533333,31.407,28.928,25.294,ANDHRA PRADESH,6.533333333,61.53333333,193.5,80.8
218,AP,Krishna,Sarapaka,Machilipatnam,16.2,81.11666667,Sultan nagar,Dug Well,W04840,1996,1.37,1.53,1.13,1.98,26.01533333,31.407,28.928,25.294,ANDHRA PRADESH,6.533333333,61.53333333,193.5,80.8
219,AP,Krishna,Pamarru,Pamarru,16.325,80.96111111,Pamarru-1,Dug Well,W04837,1996,0.63,1.25,0.83,1.66,26.01533333,31.407,28.928,25.294,ANDHRA PRADESH,6.533333333,61.53333333,193.5,80.8
220,AP,Krishna,Pedana,Pedana,16.325,81.20833333,Munjuluru,Dug Well,W04839,1996,2.05,2.74,1.86,2.99,26.01533333,31.407,28.928,25.294,ANDHRA PRADESH,6.533333333,61.53333333,193.5,80.8
221,AP,Krishna,Totlavalluru,Thotlavalluru,16.36,80.84666667,Vuyyuru,Dug Well,W04843,1996,0,0.6,0.54,2.45,26.01533333,31.407,28.928,25.294,ANDHRA PRADESH,6.533333333,61.53333333,193.5,80.8
222,AP,Krishna,Bhadrachalam,Pamidimukkala,16.25833333,80.91666667,Kuchipudi,Dug Well,W04309,1996,0.57,1.66,1.06,2.54,26.01533333,31.407,28.928,25.294,ANDHRA PRADESH,6.533333333,61.53333333,193.5,80.8
223,AP,Krishna,Gannavaram,Gannavaram,16.55083333,80.8,Gannavaram-pn,Bore Well,W04313,1996,0.72,2.42,0.65,4.48,26.01533333,31.407,28.928,25.294,ANDHRA PRADESH,6.533333333,61.53333333,193.5,80.8
224,AP,Krishna,Ibrahimpatnam,Ibrahimpatnam_kri,16.59166667,80.525,Ibrahimpatnam,Dug Well,W04315,1996,0.57,3.44,1.1,5.4,26.01533333,31.407,28.928,25.294,ANDHRA PRADESH,6.533333333,61.53333333,193.5,80.8
225,AP,Krishna,A.konduru,A.konduru,16.93333333,80.70833333,Kummarkuntla,Dug Well,W04308,1996,4.67,6.03,5.02,8.06,26.01533333,31.407,28.928,25.294,ANDHRA PRADESH,6.533333333,61.53333333,193.5,80.8
226,AP,Krishna,Gudivada,Gudivada,16.43333333,80.99166667,Gudivada-1,Dug Well,W04314,1996,0.7,0.92,0.18,1.96,26.01533333,31.407,28.928,25.294,ANDHRA PRADESH,6.533333333,61.53333333,193.5,80.8
227,AP,Krishna,Mandavalli,Mandavalli,16.55,81.21666667,Kaikaluru1,Dug Well,W04319,1996,0.7,1.75,0.4,2.01,26.01533333,31.407,28.928,25.294,ANDHRA PRADESH,6.533333333,61.53333333,193.5,80.8
228,AP,Krishna,Mudinepalle,Pedana,16.39583333,81.18333333,Kopparagudem,Dug Well,W04321,1996,2.03,2.12,0.76,2.74,26.01533333,31.407,28.928,25.294,ANDHRA PRADESH,6.533333333,61.53333333,193.5,80.8
229,AP,Krishna,Gannavaram,Gannavaram,16.55694444,80.84611111,Pedda Autapalli,Dug Well,W04830,1996,3.12,4.44,2.54,6.42,26.01533333,31.407,28.928,25.294,ANDHRA PRADESH,6.533333333,61.53333333,193.5,80.8
