,STATE,DISTRICT,TEH_NAME,BLOCK_NAME,LAT,LON,SITE_NAME,SITE_TYPE,WLCODE,YEAR_OBS,MONSOON,POMRB,POMKH,PREMON,temp_pomrb,temp_premon,temp_monsoon,temp_pomkh,year,STATE_UT_NAME,rain_pomrb,rain_premon,rain_monsoon,rain_pomkh
1,TG,Nalgonda,Turkapalle,M.turkapalle,17.58472222,78.8625,Yadgirigutta1,Bore Well,W04989,2002,15.36,9.68,10.41,15.15,26.42966667,32.00966667,27.95833333,24.71333333,2002,ANDHRA PRADESH,5.866666667,49,150.5,48.13333333
2,TG,Nalgonda,Kakinada,Devarakonda,16.64166667,79.06666667,Chennamnenpalli,Dug Well,W04068,2002,4.26,5.1,4.9,5.25,26.42966667,32.00966667,27.95833333,24.71333333,2002,ANDHRA PRADESH,5.866666667,49,150.5,48.13333333
3,TG,Nalgonda,Nutankal,Thungathurthi,17.375,79.625,Suryapet,Dug Well,W04971,2002,5.34,3.61,5.34,5.22,26.42966667,32.00966667,27.95833333,24.71333333,2002,ANDHRA PRADESH,5.866666667,49,150.5,48.13333333
4,TG,Nalgonda,Tirumalgiri,Thirumalgiri,17.47222222,79.42916667,Tirumalagiri2,Bore Well,W04984,2002,10.55,7.6,10.23,10.25,26.42966667,32.00966667,27.95833333,24.71333333,2002,ANDHRA PRADESH,5.866666667,49,150.5,48.13333333
5,TG,Nalgonda,Shaligowraram,Sali Gouraram,17.26527778,79.39166667,Adlur,Bore Well,W04148,2002,18.4,14.99,17.95,6.6,26.42966667,32.00966667,27.95833333,24.71333333,2002,ANDHRA PRADESH,5.866666667,49,150.5,48.13333333
6,TG,Nalgonda,Jajireddygudem,Jajireddygudem,17.3,79.53333333,A.ramannagudem,Dug Well,W04147,2002,4.36,4.91,4.49,7.66,26.42966667,32.00966667,27.95833333,24.71333333,2002,ANDHRA PRADESH,5.866666667,49,150.5,48.13333333
7,TG,Nalgonda,Yadagirigutta,Yadagirigutta,17.55,78.95833333,Yadgirigutta,Dug Well,W04991,2002,15.47,17.97,15.47,17.97,26.42966667,32.00966667,27.95833333,24.71333333,2002,ANDHRA PRADESH,5.866666667,49,150.5,48.13333333
8,TG,Nalgonda,Bommalaramaram,Bommalaramaram,17.56527778,78.73194444,B.Ramaram,Bore Well,W03937,2002,1.96,5.77,2.82,6.5,26.42966667,32.00966667,27.95833333,24.71333333,2002,ANDHRA PRADESH,5.866666667,49,150.5,48.13333333
9,TG,Nalgonda,Kattangur,Kattangur,17.15,79.3,Atipamula,Dug Well,W03849,2002,8.15,4.46,8.95,6.35,26.42966667,32.00966667,27.95833333,24.71333333,2002,ANDHRA PRADESH,5.866666667,49,150.5,48.13333333
10,TG,Nalgonda,Mote,Mothey,17.16833333,79.80666667,Mothey,Bore Well,W04961,2002,0.98,3.78,2.68,4.89,26.42966667,32.00966667,27.95833333,24.71333333,2002,ANDHRA PRADESH,5.866666667,49,150.5,48.13333333
11,TG,Nalgonda,Choutuppal,Choutuppal,17.25,78.91583333,Choutuppal1,Bore Well,W04066,2002,7.19,7.08,5.8,8.43,26.42966667,32.00966667,27.95833333,24.71333333,2002,ANDHRA PRADESH,5.866666667,49,150.5,48.13333333
12,TG,Nalgonda,Jajireddygudem,Jajireddygudem,17.33472222,79.50833333,Aravapalle,Bore Well,W03848,2002,12.07,9.74,10.04,12.87,26.42966667,32.00966667,27.95833333,24.71333333,2002,ANDHRA PRADESH,5.866666667,49,150.5,48.13333333
13,TG,Nalgonda,Kethepalle,Kethepalle,17.16666667,79.5,Kethupally,Dug Well,W04388,2002,8.35,6.46,9.4,8.2,26.42966667,32.00966667,27.95833333,24.71333333,2002,ANDHRA PRADESH,5.866666667,49,150.5,48.13333333
14,TG,Nalgonda,Suryapet,Suryapet,17.13333333,79.62361111,Suryapet1,Bore Well,W04980,2002,6.58,5.25,5.54,6.8,26.42966667,32.00966667,27.95833333,24.71333333,2002,ANDHRA PRADESH,5.866666667,49,150.5,48.13333333
15,TG,Nalgonda,Chityal,Chityal_nlg,17.18,79.09722222,Chityal,Dug Well,W04064,2002,12.24,9.46,'0,13.17,26.42966667,32.00966667,27.95833333,24.71333333,2002,ANDHRA PRADESH,5.866666667,49,150.5,48.13333333
16,TG,Nalgonda,Atmakur,Atmakur (m),17.46527778,79.14166667,M.atmakur1,Bore Well,W04954,2002,12.91,11.22,11.45,12.04,26.42966667,32.00966667,27.95833333,24.71333333,2002,ANDHRA PRADESH,5.866666667,49,150.5,48.13333333
17,TG,Nalgonda,Turkapalle,M.turkapalle,17.65694444,78.79583333,M.turkapalli,Bore Well,W04986,2002,16.01,14.15,14.32,17.1,26.42966667,32.00966667,27.95833333,24.71333333,2002,ANDHRA PRADESH,5.866666667,49,150.5,48.13333333
18,TG,Nalgonda,Atmakur,Atmakur (s),17.225,79.69166667,S.Atmakur,Bore Well,W04955,2002,13.82,10.37,13.52,15.1,26.42966667,32.00966667,27.95833333,24.71333333,2002,ANDHRA PRADESH,5.866666667,49,150.5,48.13333333
19,TG,Nalgonda,Pochampalle,Pochampalle,17.34583333,78.80833333,Pochampalli,Dug Well,W04975,2002,10.21,7.71,9.55,11.23,26.42966667,32.00966667,27.95833333,24.71333333,2002,ANDHRA PRADESH,5.866666667,49,150.5,48.13333333
20,TG,Nalgonda,Nalgonda,Nalgonda,17.05638889,79.26888889,Nalgonda-1,Dug Well,W04968,2002,3.02,2.23,2.5,3.64,26.42966667,32.00966667,27.95833333,24.71333333,2002,ANDHRA PRADESH,5.866666667,49,150.5,48.13333333
21,TG,Nalgonda,Mungala,Munagala,17.05166667,79.83666667,Munagala1,Bore Well,W04963,2002,7.4,5.67,8.7,4.86,26.42966667,32.00966667,27.95833333,24.71333333,2002,ANDHRA PRADESH,5.866666667,49,150.5,48.13333333
22,TG,Nalgonda,Munugode,Munugode,17.075,79.07638889,Munugodu,Bore Well,W04965,2002,8,7,7.93,8.41,26.42966667,32.00966667,27.95833333,24.71333333,2002,ANDHRA PRADESH,5.866666667,49,150.5,48.13333333
23,TG,Nalgonda,Munugode,Munugode,17.075,79.11166667,Gurrampadu1,Bore Well,W04393,2002,9.01,6.44,10.69,10.38,26.42966667,32.00966667,27.95833333,24.71333333,2002,ANDHRA PRADESH,5.866666667,49,150.5,48.13333333
24,TG,Nalgonda,Dowleswaram,Gundlapalle,16.54027778,78.70833333,G.palli(dindi),Bore Well,W04384,2002,13.18,12.24,'0,13.94,26.42966667,32.00966667,27.95833333,24.71333333,2002,ANDHRA PRADESH,5.866666667,49,150.5,48.13333333
25,TG,Nalgonda,Tipparti,Thipparthi,16.975,79.46388889,Madugulapalli1,Bore Well,W04983,2002,17.24,12.37,17.7,17.7,26.42966667,32.00966667,27.95833333,24.71333333,2002,ANDHRA PRADESH,5.866666667,49,150.5,48.13333333
26,TG,Nalgonda,Mungala,Munagala,17.04583333,79.83333333,Munagala,Dug Well,W04962,2002,3.52,4.07,7.49,5.92,26.42966667,32.00966667,27.95833333,24.71333333,2002,ANDHRA PRADESH,5.866666667,49,150.5,48.13333333
27,TG,Nalgonda,Kanagal,Kanagal,16.94666667,79.20166667,Kanagal,Bore Well,W04387,2002,12.6,10.46,12.82,13.31,26.42966667,32.00966667,27.95833333,24.71333333,2002,ANDHRA PRADESH,5.866666667,49,150.5,48.13333333
28,TG,Nalgonda,Kodad,Kodad,16.93055556,79.95833333,Huzurnagar-2,Bore Well,W04389,2002,4.75,3.77,3.27,5.9,26.42966667,32.00966667,27.95833333,24.71333333,2002,ANDHRA PRADESH,5.866666667,49,150.5,48.13333333
29,TG,Nalgonda,Kodad,Kodad,16.99722222,79.96666667,Kodad-new,Dug Well,W04390,2002,5.39,2.57,3.8,5.63,26.42966667,32.00966667,27.95833333,24.71333333,2002,ANDHRA PRADESH,5.866666667,49,150.5,48.13333333
30,TG,Nalgonda,Amalapuram,Medlacheruvu,16.86666667,79.88333333,Huzurnagar,Dug Well,W04381,2002,3.7,2.2,2.87,0.72,26.42966667,32.00966667,27.95833333,24.71333333,2002,ANDHRA PRADESH,5.866666667,49,150.5,48.13333333
31,TG,Nalgonda,Rampachodavaram,Nidamanur,16.825,79.36944444,Nidamanuru,Dug Well,W04978,2002,5.05,3.75,4.35,5.86,26.42966667,32.00966667,27.95833333,24.71333333,2002,ANDHRA PRADESH,5.866666667,49,150.5,48.13333333
32,TG,Nalgonda,Rampachodavaram,Nidamanur,16.83055556,79.375,Nidamanuru1,Bore Well,W04979,2002,'0,3.7,'0,'0,26.42966667,32.00966667,27.95833333,24.71333333,2002,ANDHRA PRADESH,5.866666667,49,150.5,48.13333333
33,TG,Nalgonda,Suryaraopeta,Nampalle,16.85833333,78.925,Devarakonda1,Bore Well,W04074,2002,5.62,3.79,5.3,12.74,26.42966667,32.00966667,27.95833333,24.71333333,2002,ANDHRA PRADESH,5.866666667,49,150.5,48.13333333
34,TG,Nalgonda,Penpahad,Penpahad,17.00833333,79.65277778,Penpahad,Bore Well,W04972,2002,9.9,7.53,10.55,10.03,26.42966667,32.00966667,27.95833333,24.71333333,2002,ANDHRA PRADESH,5.866666667,49,150.5,48.13333333
35,TG,Nalgonda,Miryalaguda,Miryalaguda,16.89722222,79.53333333,Huzurnagar-1,Bore Well,W04391,2002,1.06,1.2,1.4,1.2,26.42966667,32.00966667,27.95833333,24.71333333,2002,ANDHRA PRADESH,5.866666667,49,150.5,48.13333333
36,TG,Nalgonda,Miryalaguda,Miryalaguda,16.875,79.56527778,Myrialguda,Bore Well,W04959,2002,5.24,4.41,3.86,6.1,26.42966667,32.00966667,27.95833333,24.71333333,2002,ANDHRA PRADESH,5.866666667,49,150.5,48.13333333
37,TG,Nalgonda,Peddapuram,Damarcherla,16.725,79.64166667,Damaracherla,Bore Well,W04070,2002,7.49,3.84,12.26,7.72,26.42966667,32.00966667,27.95833333,24.71333333,2002,ANDHRA PRADESH,5.866666667,49,150.5,48.13333333
38,TG,Nalgonda,Peddapuram,Damarcherla,16.73,79.65,Damarcherla1,Dug Well,W04071,2002,8.01,3.75,9.09,8.14,26.42966667,32.00966667,27.95833333,24.71333333,2002,ANDHRA PRADESH,5.866666667,49,150.5,48.13333333
39,TG,Nalgonda,Pitapuram,Peddavuru,16.72916667,79.21111111,Peddavoora,Dug Well,W04973,2002,6.55,5.03,6,6.56,26.42966667,32.00966667,27.95833333,24.71333333,2002,ANDHRA PRADESH,5.866666667,49,150.5,48.13333333
40,TG,Nalgonda,Rajahmundry,Mattampalle,16.79833333,79.82,Chintapalli-3,Bore Well,W04072,2002,15.8,14.53,17.6,15.5,26.42966667,32.00966667,27.95833333,24.71333333,2002,ANDHRA PRADESH,5.866666667,49,150.5,48.13333333
41,TG,Nalgonda,Garedapalle,Garedapalle,16.825,79.74861111,Kalamacheruvu,Bore Well,W04385,2002,8.56,4.8,9.27,8.82,26.42966667,32.00966667,27.95833333,24.71333333,2002,ANDHRA PRADESH,5.866666667,49,150.5,48.13333333
42,TG,Nalgonda,Garedapalle,Garedapalle,16.89166667,79.74166667,Kituvarigudem,Dug Well,W04386,2002,6.48,3.93,5.7,7.48,26.42966667,32.00966667,27.95833333,24.71333333,2002,ANDHRA PRADESH,5.866666667,49,150.5,48.13333333
43,TG,Nalgonda,Miryalaguda,Miryalaguda,16.83333333,79.5,Thungapadu,Dug Well,W04960,2002,3.25,2.38,2.31,3.45,26.42966667,32.00966667,27.95833333,24.71333333,2002,ANDHRA PRADESH,5.866666667,49,150.5,48.13333333
44,TG,Nalgonda,Miryalaguda,Miryalaguda,16.83472222,79.60277778,Kondrapolu,Dug Well,W04392,2002,5,2.33,5.58,5.53,26.42966667,32.00966667,27.95833333,24.71333333,2002,ANDHRA PRADESH,5.866666667,49,150.5,48.13333333
45,TG,Nalgonda,Suryaraopeta,Nampalle,16.88333333,78.97166667,Nampalli,Bore Well,W04981,2002,9.55,2.94,'0,5.48,26.42966667,32.00966667,27.95833333,24.71333333,2002,ANDHRA PRADESH,5.866666667,49,150.5,48.13333333
46,TG,Nalgonda,Kakinada,Devarakonda,16.69111111,78.91888889,Devarakonda,Dug Well,W04069,2002,6.2,5.07,5.27,8.63,26.42966667,32.00966667,27.95833333,24.71333333,2002,ANDHRA PRADESH,5.866666667,49,150.5,48.13333333
47,TG,Nalgonda,Chinthapalle,Chinthapalle_nlg,16.79833333,78.82,Chintapalli-2,Bore Well,W04063,2002,15.9,'0,17.65,16.65,26.42966667,32.00966667,27.95833333,24.71333333,2002,ANDHRA PRADESH,5.866666667,49,150.5,48.13333333
48,TG,Nalgonda,Rajapet,Rajapet,17.74027778,78.92222222,Rajapet,Bore Well,W04976,2002,16.24,11.58,14.94,15,26.42966667,32.00966667,27.95833333,24.71333333,2002,ANDHRA PRADESH,5.866666667,49,150.5,48.13333333
49,TG,Nalgonda,Turkapalle,M.turkapalle,17.58472222,78.8625,Yadgirigutta1,Bore Well,W04989,2001,12.22,6.96,5.66,12.64,26.67633333,31.48366667,27.946,25.065,2001,ANDHRA PRADESH,5.866666667,49,150.5,48.13333333
50,TG,Nalgonda,Kakinada,Devarakonda,16.64166667,79.06666667,Chennamnenpalli,Dug Well,W04068,2001,7.26,4.01,2.67,'0,26.67633333,31.48366667,27.946,25.065,2001,ANDHRA PRADESH,5.866666667,49,150.5,48.13333333
51,TG,Nalgonda,Nutankal,Thungathurthi,17.375,79.625,Suryapet,Dug Well,W04971,2001,4.51,2.94,3.16,4.59,26.67633333,31.48366667,27.946,25.065,2001,ANDHRA PRADESH,5.866666667,49,150.5,48.13333333
52,TG,Nalgonda,Tirumalgiri,Thirumalgiri,17.47222222,79.42916667,Tirumalagiri2,Bore Well,W04984,2001,7.26,4.43,6.76,7.51,26.67633333,31.48366667,27.946,25.065,2001,ANDHRA PRADESH,5.866666667,49,150.5,48.13333333
53,TG,Nalgonda,Shaligowraram,Sali Gouraram,17.26527778,79.39166667,Adlur,Bore Well,W04148,2001,'0,14.97,9.42,19.72,26.67633333,31.48366667,27.946,25.065,2001,ANDHRA PRADESH,5.866666667,49,150.5,48.13333333
54,TG,Nalgonda,Jajireddygudem,Jajireddygudem,17.3,79.53333333,A.ramannagudem,Dug Well,W04147,2001,6.28,5.9,4.05,7.68,26.67633333,31.48366667,27.946,25.065,2001,ANDHRA PRADESH,5.866666667,49,150.5,48.13333333
55,TG,Nalgonda,Yadagirigutta,Yadagirigutta,17.55,78.95833333,Yadgirigutta,Dug Well,W04991,2001,17.97,12.32,14.5,17.97,26.67633333,31.48366667,27.946,25.065,2001,ANDHRA PRADESH,5.866666667,49,150.5,48.13333333
56,TG,Nalgonda,Bommalaramaram,Bommalaramaram,17.56527778,78.73194444,B.Ramaram,Bore Well,W03937,2001,5.1,'0,3.83,12.32,26.67633333,31.48366667,27.946,25.065,2001,ANDHRA PRADESH,5.866666667,49,150.5,48.13333333
57,TG,Nalgonda,Mote,Mothey,17.16833333,79.80666667,Mothey,Bore Well,W04961,2001,2.2,2.86,2.76,3.26,26.67633333,31.48366667,27.946,25.065,2001,ANDHRA PRADESH,5.866666667,49,150.5,48.13333333
58,TG,Nalgonda,Choutuppal,Choutuppal,17.25,78.91583333,Choutuppal1,Bore Well,W04066,2001,17.8,17.24,9.33,'0,26.67633333,31.48366667,27.946,25.065,2001,ANDHRA PRADESH,5.866666667,49,150.5,48.13333333
59,TG,Nalgonda,Jajireddygudem,Jajireddygudem,17.33472222,79.50833333,Aravapalle,Bore Well,W03848,2001,9.67,7.63,7.47,11.92,26.67633333,31.48366667,27.946,25.065,2001,ANDHRA PRADESH,5.866666667,49,150.5,48.13333333
60,TG,Nalgonda,Kethepalle,Kethepalle,17.16666667,79.5,Kethupally,Dug Well,W04388,2001,7.93,6.96,5.1,8.78,26.67633333,31.48366667,27.946,25.065,2001,ANDHRA PRADESH,5.866666667,49,150.5,48.13333333
61,TG,Nalgonda,Suryapet,Suryapet,17.13333333,79.62361111,Suryapet1,Bore Well,W04980,2001,6.98,4.84,4.63,6.76,26.67633333,31.48366667,27.946,25.065,2001,ANDHRA PRADESH,5.866666667,49,150.5,48.13333333
62,TG,Nalgonda,Chityal,Chityal_nlg,17.18,79.09722222,Chityal,Dug Well,W04064,2001,13.17,12.09,9.39,13.17,26.67633333,31.48366667,27.946,25.065,2001,ANDHRA PRADESH,5.866666667,49,150.5,48.13333333
63,TG,Nalgonda,Kattangur,Kattangur,17.15,79.3,Atipamula,Dug Well,W03849,2001,8.95,'0,2.48,8.95,26.67633333,31.48366667,27.946,25.065,2001,ANDHRA PRADESH,5.866666667,49,150.5,48.13333333
64,TG,Nalgonda,Atmakur,Atmakur (m),17.46527778,79.14166667,M.atmakur1,Bore Well,W04954,2001,11.65,9.29,10.5,11.58,26.67633333,31.48366667,27.946,25.065,2001,ANDHRA PRADESH,5.866666667,49,150.5,48.13333333
65,TG,Nalgonda,Turkapalle,M.turkapalle,17.65694444,78.79583333,M.turkapalli,Bore Well,W04986,2001,15.86,10.04,10.31,16.84,26.67633333,31.48366667,27.946,25.065,2001,ANDHRA PRADESH,5.866666667,49,150.5,48.13333333
66,TG,Nalgonda,Atmakur,Atmakur (s),17.225,79.69166667,S.Atmakur,Bore Well,W04955,2001,3.6,7.65,4.83,11.78,26.67633333,31.48366667,27.946,25.065,2001,ANDHRA PRADESH,5.866666667,49,150.5,48.13333333
67,TG,Nalgonda,Pochampalle,Pochampalle,17.34583333,78.80833333,Pochampalli,Dug Well,W04975,2001,11.53,9.78,5.85,11.77,26.67633333,31.48366667,27.946,25.065,2001,ANDHRA PRADESH,5.866666667,49,150.5,48.13333333
68,TG,Nalgonda,Nalgonda,Nalgonda,17.05638889,79.26888889,Nalgonda-1,Dug Well,W04968,2001,3,2.69,1.7,3.85,26.67633333,31.48366667,27.946,25.065,2001,ANDHRA PRADESH,5.866666667,49,150.5,48.13333333
69,TG,Nalgonda,Mungala,Munagala,17.05166667,79.83666667,Munagala1,Bore Well,W04963,2001,5.71,3.72,5.05,5.9,26.67633333,31.48366667,27.946,25.065,2001,ANDHRA PRADESH,5.866666667,49,150.5,48.13333333
70,TG,Nalgonda,Munugode,Munugode,17.075,79.07638889,Munugodu,Bore Well,W04965,2001,8.8,7.51,7.3,8.75,26.67633333,31.48366667,27.946,25.065,2001,ANDHRA PRADESH,5.866666667,49,150.5,48.13333333
71,TG,Nalgonda,Munugode,Munugode,17.075,79.11166667,Gurrampadu1,Bore Well,W04393,2001,10.16,8.51,4.62,11.16,26.67633333,31.48366667,27.946,25.065,2001,ANDHRA PRADESH,5.866666667,49,150.5,48.13333333
72,TG,Nalgonda,Dowleswaram,Gundlapalle,16.54027778,78.70833333,G.palli(dindi),Bore Well,W04384,2001,'0,15.75,12.95,17.9,26.67633333,31.48366667,27.946,25.065,2001,ANDHRA PRADESH,5.866666667,49,150.5,48.13333333
73,TG,Nalgonda,Tipparti,Thipparthi,16.975,79.46388889,Madugulapalli1,Bore Well,W04983,2001,26.1,12.08,10.45,16.48,26.67633333,31.48366667,27.946,25.065,2001,ANDHRA PRADESH,5.866666667,49,150.5,48.13333333
74,TG,Nalgonda,Mungala,Munagala,17.04583333,79.83333333,Munagala,Dug Well,W04962,2001,5.3,3.74,4.6,7.45,26.67633333,31.48366667,27.946,25.065,2001,ANDHRA PRADESH,5.866666667,49,150.5,48.13333333
75,TG,Nalgonda,Kanagal,Kanagal,16.94666667,79.20166667,Kanagal,Bore Well,W04387,2001,12.58,10.83,8.6,12.66,26.67633333,31.48366667,27.946,25.065,2001,ANDHRA PRADESH,5.866666667,49,150.5,48.13333333
76,TG,Nalgonda,Kodad,Kodad,16.93055556,79.95833333,Huzurnagar-2,Bore Well,W04389,2001,3.92,4.05,2.85,5.51,26.67633333,31.48366667,27.946,25.065,2001,ANDHRA PRADESH,5.866666667,49,150.5,48.13333333
77,TG,Nalgonda,Kodad,Kodad,16.99722222,79.96666667,Kodad-new,Dug Well,W04390,2001,4.97,2.61,2.76,5.83,26.67633333,31.48366667,27.946,25.065,2001,ANDHRA PRADESH,5.866666667,49,150.5,48.13333333
78,TG,Nalgonda,Amalapuram,Medlacheruvu,16.86666667,79.88333333,Huzurnagar,Dug Well,W04381,2001,2.7,2.32,2.02,3.38,26.67633333,31.48366667,27.946,25.065,2001,ANDHRA PRADESH,5.866666667,49,150.5,48.13333333
79,TG,Nalgonda,Rampachodavaram,Nidamanur,16.825,79.36944444,Nidamanuru,Dug Well,W04978,2001,4.01,2.9,3.33,5.68,26.67633333,31.48366667,27.946,25.065,2001,ANDHRA PRADESH,5.866666667,49,150.5,48.13333333
80,TG,Nalgonda,Rampachodavaram,Nidamanur,16.83055556,79.375,Nidamanuru1,Bore Well,W04979,2001,'0,4.32,'0,5.56,26.67633333,31.48366667,27.946,25.065,2001,ANDHRA PRADESH,5.866666667,49,150.5,48.13333333
81,TG,Nalgonda,Suryaraopeta,Nampalle,16.85833333,78.925,Devarakonda1,Bore Well,W04074,2001,14.33,8.82,3.25,17.49,26.67633333,31.48366667,27.946,25.065,2001,ANDHRA PRADESH,5.866666667,49,150.5,48.13333333
82,TG,Nalgonda,Penpahad,Penpahad,17.00833333,79.65277778,Penpahad,Bore Well,W04972,2001,8.62,4.98,6.2,6.86,26.67633333,31.48366667,27.946,25.065,2001,ANDHRA PRADESH,5.866666667,49,150.5,48.13333333
83,TG,Nalgonda,Miryalaguda,Miryalaguda,16.89722222,79.53333333,Huzurnagar-1,Bore Well,W04391,2001,'0,0.85,0.9,0.98,26.67633333,31.48366667,27.946,25.065,2001,ANDHRA PRADESH,5.866666667,49,150.5,48.13333333
84,TG,Nalgonda,Miryalaguda,Miryalaguda,16.875,79.56527778,Myrialguda,Bore Well,W04959,2001,4.72,4.65,4.05,5.55,26.67633333,31.48366667,27.946,25.065,2001,ANDHRA PRADESH,5.866666667,49,150.5,48.13333333
85,TG,Nalgonda,Peddapuram,Damarcherla,16.725,79.64166667,Damaracherla,Bore Well,W04070,2001,4.38,4.45,3.15,5.65,26.67633333,31.48366667,27.946,25.065,2001,ANDHRA PRADESH,5.866666667,49,150.5,48.13333333
86,TG,Nalgonda,Peddapuram,Damarcherla,16.73,79.65,Damarcherla1,Dug Well,W04071,2001,5.27,4.21,3.36,6.43,26.67633333,31.48366667,27.946,25.065,2001,ANDHRA PRADESH,5.866666667,49,150.5,48.13333333
87,TG,Nalgonda,Pitapuram,Peddavuru,16.72916667,79.21111111,Peddavoora,Dug Well,W04973,2001,9.35,6.25,3.4,8.21,26.67633333,31.48366667,27.946,25.065,2001,ANDHRA PRADESH,5.866666667,49,150.5,48.13333333
88,TG,Nalgonda,Pitapuram,Peddavuru,16.73194444,79.20833333,Peddavoora1,Bore Well,W04974,2001,'0,5.95,'0,'0,26.67633333,31.48366667,27.946,25.065,2001,ANDHRA PRADESH,5.866666667,49,150.5,48.13333333
89,TG,Nalgonda,Rajahmundry,Mattampalle,16.79833333,79.82,Chintapalli-3,Bore Well,W04072,2001,21.48,17.27,12.2,'0,26.67633333,31.48366667,27.946,25.065,2001,ANDHRA PRADESH,5.866666667,49,150.5,48.13333333
90,TG,Nalgonda,Garedapalle,Garedapalle,16.825,79.74861111,Kalamacheruvu,Bore Well,W04385,2001,4.68,5.12,4.75,7.29,26.67633333,31.48366667,27.946,25.065,2001,ANDHRA PRADESH,5.866666667,49,150.5,48.13333333
91,TG,Nalgonda,Garedapalle,Garedapalle,16.89166667,79.74166667,Kituvarigudem,Dug Well,W04386,2001,6.35,3.07,2.65,7.91,26.67633333,31.48366667,27.946,25.065,2001,ANDHRA PRADESH,5.866666667,49,150.5,48.13333333
92,TG,Nalgonda,Miryalaguda,Miryalaguda,16.83333333,79.5,Thungapadu,Dug Well,W04960,2001,3.75,2.55,1.8,3.46,26.67633333,31.48366667,27.946,25.065,2001,ANDHRA PRADESH,5.866666667,49,150.5,48.13333333
93,TG,Nalgonda,Miryalaguda,Miryalaguda,16.83472222,79.60277778,Kondrapolu,Dug Well,W04392,2001,4.07,2.6,2.15,4.1,26.67633333,31.48366667,27.946,25.065,2001,ANDHRA PRADESH,5.866666667,49,150.5,48.13333333
94,TG,Nalgonda,Suryaraopeta,Nampalle,16.88333333,78.97166667,Nampalli,Bore Well,W04981,2001,8.04,5.24,2.75,8.7,26.67633333,31.48366667,27.946,25.065,2001,ANDHRA PRADESH,5.866666667,49,150.5,48.13333333
95,TG,Nalgonda,Kakinada,Devarakonda,16.69111111,78.91888889,Devarakonda,Dug Well,W04069,2001,8.63,6.58,3.58,8.63,26.67633333,31.48366667,27.946,25.065,2001,ANDHRA PRADESH,5.866666667,49,150.5,48.13333333
96,TG,Nalgonda,Chinthapalle,Chinthapalle_nlg,16.79833333,78.82,Chintapalli-2,Bore Well,W04063,2001,22.08,17.35,12.4,19.84,26.67633333,31.48366667,27.946,25.065,2001,ANDHRA PRADESH,5.866666667,49,150.5,48.13333333
97,TG,Nalgonda,Rajapet,Rajapet,17.74027778,78.92222222,Rajapet,Bore Well,W04976,2001,15.7,12.19,10.57,15.7,26.67633333,31.48366667,27.946,25.065,2001,ANDHRA PRADESH,5.866666667,49,150.5,48.13333333
98,TG,Nalgonda,Turkapalle,M.turkapalle,17.625,78.85833333,Rustapur,Dug Well,W04987,2000,'0,12.25,'0,'0,26.284,31.07533333,27.241,25.057,2000,ANDHRA PRADESH,5.866666667,49,150.5,48.13333333
99,TG,Nalgonda,Kakinada,Devarakonda,16.64166667,79.06666667,Chennamnenpalli,Dug Well,W04068,2000,2.69,4.7,3.63,4.41,26.284,31.07533333,27.241,25.057,2000,ANDHRA PRADESH,5.866666667,49,150.5,48.13333333
100,TG,Nalgonda,Rajapet,Rajapet,17.74027778,78.92222222,Rajapet,Bore Well,W04976,2000,11.59,12.35,9.1,13.28,26.284,31.07533333,27.241,25.057,2000,ANDHRA PRADESH,5.866666667,49,150.5,48.13333333
101,TG,Nalgonda,Nutankal,Thungathurthi,17.375,79.625,Suryapet,Dug Well,W04971,2000,1.69,4.55,2.54,4.09,26.284,31.07533333,27.241,25.057,2000,ANDHRA PRADESH,5.866666667,49,150.5,48.13333333
102,TG,Nalgonda,Tirumalgiri,Thirumalgiri,17.47222222,79.42916667,Tirumalagiri2,Bore Well,W04984,2000,1.68,8.1,3.6,9.57,26.284,31.07533333,27.241,25.057,2000,ANDHRA PRADESH,5.866666667,49,150.5,48.13333333
103,TG,Nalgonda,Shaligowraram,Sali Gouraram,17.26527778,79.39166667,Adlur,Bore Well,W04148,2000,14.55,7.8,13.05,20.05,26.284,31.07533333,27.241,25.057,2000,ANDHRA PRADESH,5.866666667,49,150.5,48.13333333
104,TG,Nalgonda,Jajireddygudem,Jajireddygudem,17.3,79.53333333,A.ramannagudem,Dug Well,W04147,2000,2.17,9.1,5.48,'0,26.284,31.07533333,27.241,25.057,2000,ANDHRA PRADESH,5.866666667,49,150.5,48.13333333
105,TG,Nalgonda,Bibinagar,Bibinagar,17.42833333,78.86166667,Bhongir,Dug Well,W03936,2000,'0,'0,5.02,'0,26.284,31.07533333,27.241,25.057,2000,ANDHRA PRADESH,5.866666667,49,150.5,48.13333333
106,TG,Nalgonda,Yadagirigutta,Yadagirigutta,17.55,78.95833333,Yadgirigutta,Dug Well,W04991,2000,6.75,16.6,9.35,'0,26.284,31.07533333,27.241,25.057,2000,ANDHRA PRADESH,5.866666667,49,150.5,48.13333333
107,TG,Nalgonda,Bommalaramaram,Bommalaramaram,17.56527778,78.73194444,B.Ramaram,Bore Well,W03937,2000,2.13,'0,4.1,'0,26.284,31.07533333,27.241,25.057,2000,ANDHRA PRADESH,5.866666667,49,150.5,48.13333333
108,TG,Nalgonda,Mote,Mothey,17.16833333,79.80666667,Mothey,Bore Well,W04961,2000,0.78,2.68,2.1,2.71,26.284,31.07533333,27.241,25.057,2000,ANDHRA PRADESH,5.866666667,49,150.5,48.13333333
109,TG,Nalgonda,Choutuppal,Choutuppal,17.25,78.91583333,Choutuppal1,Bore Well,W04066,2000,12.96,'0,15.27,'0,26.284,31.07533333,27.241,25.057,2000,ANDHRA PRADESH,5.866666667,49,150.5,48.13333333
110,TG,Nalgonda,Ramannapet,Ramannapeta,17.33333333,79.08333333,Valigonda,Dug Well,W04977,2000,3.85,8.85,'0,10.85,26.284,31.07533333,27.241,25.057,2000,ANDHRA PRADESH,5.866666667,49,150.5,48.13333333
111,TG,Nalgonda,Jajireddygudem,Jajireddygudem,17.33472222,79.50833333,Aravapalle,Bore Well,W03848,2000,3.4,14.28,4.97,14.45,26.284,31.07533333,27.241,25.057,2000,ANDHRA PRADESH,5.866666667,49,150.5,48.13333333
112,TG,Nalgonda,Kethepalle,Kethepalle,17.16666667,79.5,Kethupally,Dug Well,W04388,2000,5.44,9.2,6.3,10.38,26.284,31.07533333,27.241,25.057,2000,ANDHRA PRADESH,5.866666667,49,150.5,48.13333333
113,TG,Nalgonda,Suryapet,Suryapet,17.13333333,79.62361111,Suryapet1,Bore Well,W04980,2000,3.52,'0,4.4,8.45,26.284,31.07533333,27.241,25.057,2000,ANDHRA PRADESH,5.866666667,49,150.5,48.13333333
114,TG,Nalgonda,Chityal,Chityal_nlg,17.18,79.09722222,Chityal,Dug Well,W04064,2000,9,10.55,10.4,11.74,26.284,31.07533333,27.241,25.057,2000,ANDHRA PRADESH,5.866666667,49,150.5,48.13333333
115,TG,Nalgonda,Kattangur,Kattangur,17.15,79.3,Atipamula,Dug Well,W03849,2000,4.37,9.1,6.45,8.93,26.284,31.07533333,27.241,25.057,2000,ANDHRA PRADESH,5.866666667,49,150.5,48.13333333
116,TG,Nalgonda,Atmakur,Atmakur (m),17.46527778,79.14166667,M.atmakur1,Bore Well,W04954,2000,8.07,'0,7.6,6.75,26.284,31.07533333,27.241,25.057,2000,ANDHRA PRADESH,5.866666667,49,150.5,48.13333333
117,TG,Nalgonda,Turkapalle,M.turkapalle,17.65694444,78.79583333,M.turkapalli,Bore Well,W04986,2000,5.67,'0,9.66,'0,26.284,31.07533333,27.241,25.057,2000,ANDHRA PRADESH,5.866666667,49,150.5,48.13333333
118,TG,Nalgonda,Atmakur,Atmakur (s),17.225,79.69166667,S.Atmakur,Bore Well,W04955,2000,8.34,'0,6.82,13.32,26.284,31.07533333,27.241,25.057,2000,ANDHRA PRADESH,5.866666667,49,150.5,48.13333333
119,TG,Nalgonda,Pochampalle,Pochampalle,17.34583333,78.80833333,Pochampalli,Dug Well,W04975,2000,7.46,11.23,8.2,12.42,26.284,31.07533333,27.241,25.057,2000,ANDHRA PRADESH,5.866666667,49,150.5,48.13333333
120,TG,Nalgonda,Mungala,Munagala,17.05166667,79.83666667,Munagala1,Bore Well,W04963,2000,1.72,1.9,2.37,4.14,26.284,31.07533333,27.241,25.057,2000,ANDHRA PRADESH,5.866666667,49,150.5,48.13333333
121,TG,Nalgonda,Munugode,Munugode,17.075,79.07638889,Munugodu,Bore Well,W04965,2000,6.87,'0,7.65,'0,26.284,31.07533333,27.241,25.057,2000,ANDHRA PRADESH,5.866666667,49,150.5,48.13333333
122,TG,Nalgonda,Munugode,Munugode,17.075,79.11166667,Gurrampadu1,Bore Well,W04393,2000,'0,10.03,8.49,10.46,26.284,31.07533333,27.241,25.057,2000,ANDHRA PRADESH,5.866666667,49,150.5,48.13333333
123,TG,Nalgonda,Dowleswaram,Gundlapalle,16.54027778,78.70833333,G.palli(dindi),Bore Well,W04384,2000,16.4,14.98,15.67,10.6,26.284,31.07533333,27.241,25.057,2000,ANDHRA PRADESH,5.866666667,49,150.5,48.13333333
124,TG,Nalgonda,Tipparti,Thipparthi,16.97222222,79.46277778,Madugulapalli,Dug Well,W04982,2000,'0,'0,'0,6.23,26.284,31.07533333,27.241,25.057,2000,ANDHRA PRADESH,5.866666667,49,150.5,48.13333333
125,TG,Nalgonda,Tipparti,Thipparthi,16.975,79.46388889,Madugulapalli1,Bore Well,W04983,2000,9.79,14.72,'0,16.43,26.284,31.07533333,27.241,25.057,2000,ANDHRA PRADESH,5.866666667,49,150.5,48.13333333
126,TG,Nalgonda,Nalgonda,Nalgonda,17.05638889,79.26888889,Nalgonda-1,Dug Well,W04968,2000,1.49,4.7,2.46,3,26.284,31.07533333,27.241,25.057,2000,ANDHRA PRADESH,5.866666667,49,150.5,48.13333333
127,TG,Nalgonda,Mungala,Munagala,17.04583333,79.83333333,Munagala,Dug Well,W04962,2000,2.08,5.1,3.38,7.1,26.284,31.07533333,27.241,25.057,2000,ANDHRA PRADESH,5.866666667,49,150.5,48.13333333
128,TG,Nalgonda,Kanagal,Kanagal,16.94666667,79.20166667,Kanagal,Bore Well,W04387,2000,7.1,11.08,9.7,12.65,26.284,31.07533333,27.241,25.057,2000,ANDHRA PRADESH,5.866666667,49,150.5,48.13333333
129,TG,Nalgonda,Kodad,Kodad,16.93055556,79.95833333,Huzurnagar-2,Bore Well,W04389,2000,1.85,4.22,3.32,4.75,26.284,31.07533333,27.241,25.057,2000,ANDHRA PRADESH,5.866666667,49,150.5,48.13333333
130,TG,Nalgonda,Kodad,Kodad,16.99722222,79.96666667,Kodad-new,Dug Well,W04390,2000,1.6,3.5,2.28,4.61,26.284,31.07533333,27.241,25.057,2000,ANDHRA PRADESH,5.866666667,49,150.5,48.13333333
131,TG,Nalgonda,Amalapuram,Medlacheruvu,16.86666667,79.88333333,Huzurnagar,Dug Well,W04381,2000,0.81,3.5,2.16,4.52,26.284,31.07533333,27.241,25.057,2000,ANDHRA PRADESH,5.866666667,49,150.5,48.13333333
132,TG,Nalgonda,Rampachodavaram,Nidamanur,16.825,79.36944444,Nidamanuru,Dug Well,W04978,2000,3.24,4.65,3.36,5.21,26.284,31.07533333,27.241,25.057,2000,ANDHRA PRADESH,5.866666667,49,150.5,48.13333333
133,TG,Nalgonda,Suryaraopeta,Nampalle,16.85833333,78.925,Devarakonda1,Bore Well,W04074,2000,3.81,11.62,5.67,9.9,26.284,31.07533333,27.241,25.057,2000,ANDHRA PRADESH,5.866666667,49,150.5,48.13333333
134,TG,Nalgonda,Penpahad,Penpahad,17.00833333,79.65277778,Penpahad,Bore Well,W04972,2000,3.96,7.58,2.26,8.95,26.284,31.07533333,27.241,25.057,2000,ANDHRA PRADESH,5.866666667,49,150.5,48.13333333
135,TG,Nalgonda,Miryalaguda,Miryalaguda,16.89722222,79.53333333,Huzurnagar-1,Bore Well,W04391,2000,1.17,1.78,2.64,'0,26.284,31.07533333,27.241,25.057,2000,ANDHRA PRADESH,5.866666667,49,150.5,48.13333333
136,TG,Nalgonda,Miryalaguda,Miryalaguda,16.875,79.56527778,Myrialguda,Bore Well,W04959,2000,3.35,6.25,4.27,5.76,26.284,31.07533333,27.241,25.057,2000,ANDHRA PRADESH,5.866666667,49,150.5,48.13333333
137,TG,Nalgonda,Peddapuram,Damarcherla,16.725,79.64166667,Damaracherla,Bore Well,W04070,2000,'0,3.48,3.3,6.14,26.284,31.07533333,27.241,25.057,2000,ANDHRA PRADESH,5.866666667,49,150.5,48.13333333
138,TG,Nalgonda,Peddapuram,Damarcherla,16.73,79.65,Damarcherla1,Dug Well,W04071,2000,2.2,5.32,3.77,6.31,26.284,31.07533333,27.241,25.057,2000,ANDHRA PRADESH,5.866666667,49,150.5,48.13333333
139,TG,Nalgonda,Pitapuram,Peddavuru,16.72916667,79.21111111,Peddavoora,Dug Well,W04973,2000,4.84,7.9,6.15,2.3,26.284,31.07533333,27.241,25.057,2000,ANDHRA PRADESH,5.866666667,49,150.5,48.13333333
140,TG,Nalgonda,Rajahmundry,Mattampalle,16.79833333,79.82,Chintapalli-3,Bore Well,W04072,2000,16.94,'0,'0,'0,26.284,31.07533333,27.241,25.057,2000,ANDHRA PRADESH,5.866666667,49,150.5,48.13333333
141,TG,Nalgonda,Garedapalle,Garedapalle,16.825,79.74861111,Kalamacheruvu,Bore Well,W04385,2000,3.84,5.5,4.6,2.61,26.284,31.07533333,27.241,25.057,2000,ANDHRA PRADESH,5.866666667,49,150.5,48.13333333
142,TG,Nalgonda,Garedapalle,Garedapalle,16.89166667,79.74166667,Kituvarigudem,Dug Well,W04386,2000,1.59,5.35,4.07,7.4,26.284,31.07533333,27.241,25.057,2000,ANDHRA PRADESH,5.866666667,49,150.5,48.13333333
143,TG,Nalgonda,Miryalaguda,Miryalaguda,16.83333333,79.5,Thungapadu,Dug Well,W04960,2000,1.69,7,1.98,3.45,26.284,31.07533333,27.241,25.057,2000,ANDHRA PRADESH,5.866666667,49,150.5,48.13333333
144,TG,Nalgonda,Miryalaguda,Miryalaguda,16.83472222,79.60277778,Kondrapolu,Dug Well,W04392,2000,1.94,3.85,3.31,5.25,26.284,31.07533333,27.241,25.057,2000,ANDHRA PRADESH,5.866666667,49,150.5,48.13333333
145,TG,Nalgonda,Suryaraopeta,Nampalle,16.88333333,78.97166667,Nampalli,Bore Well,W04981,2000,3.38,'0,4.66,'0,26.284,31.07533333,27.241,25.057,2000,ANDHRA PRADESH,5.866666667,49,150.5,48.13333333
146,TG,Nalgonda,Kakinada,Devarakonda,16.69111111,78.91888889,Devarakonda,Dug Well,W04069,2000,3.87,9.95,5.27,'0,26.284,31.07533333,27.241,25.057,2000,ANDHRA PRADESH,5.866666667,49,150.5,48.13333333
147,TG,Nalgonda,Chinthapalle,Chinthapalle_nlg,16.79833333,78.82,Chintapalli-2,Bore Well,W04063,2000,16.94,'0,16.96,'0,26.284,31.07533333,27.241,25.057,2000,ANDHRA PRADESH,5.866666667,49,150.5,48.13333333
148,TG,Nalgonda,Turkapalle,M.turkapalle,17.58472222,78.8625,Yadgirigutta1,Bore Well,W04989,2000,1.74,'0,5.02,'0,26.284,31.07533333,27.241,25.057,2000,ANDHRA PRADESH,5.866666667,49,150.5,48.13333333
149,TG,Nalgonda,Ramannapet,Ramannapeta,17.33333333,79.08333333,Valigonda,Dug Well,W04977,1999,6.22,5.89,7.53,9.73,26.24566667,31.28166667,27.399,24.72833333,1999,ANDHRA PRADESH,5.866666667,49,150.5,48.13333333
150,TG,Nalgonda,Pitapuram,Peddavuru,16.73194444,79.20833333,Peddavoora1,Bore Well,W04974,1999,'0,0.3,'0,'0,26.24566667,31.28166667,27.399,24.72833333,1999,ANDHRA PRADESH,5.866666667,49,150.5,48.13333333
151,TG,Nalgonda,Nutankal,Thungathurthi,17.375,79.625,Suryapet,Dug Well,W04971,1999,3.3,3.54,3.48,4.3,26.24566667,31.28166667,27.399,24.72833333,1999,ANDHRA PRADESH,5.866666667,49,150.5,48.13333333
152,TG,Nalgonda,Tirumalgiri,Thirumalgiri,17.47222222,79.42916667,Tirumalagiri2,Bore Well,W04984,1999,7.17,8.4,7.04,7.87,26.24566667,31.28166667,27.399,24.72833333,1999,ANDHRA PRADESH,5.866666667,49,150.5,48.13333333
153,TG,Nalgonda,Bhongir,Bhongir,17.51111111,78.85833333,Bhongir-PZ,Bore Well,W03935,1999,'0,1.42,'0,3.35,26.24566667,31.28166667,27.399,24.72833333,1999,ANDHRA PRADESH,5.866666667,49,150.5,48.13333333
154,TG,Nalgonda,Shaligowraram,Sali Gouraram,17.26527778,79.39166667,Adlur,Bore Well,W04148,1999,15.9,7.4,7.2,13.74,26.24566667,31.28166667,27.399,24.72833333,1999,ANDHRA PRADESH,5.866666667,49,150.5,48.13333333
155,TG,Nalgonda,Jajireddygudem,Jajireddygudem,17.3,79.53333333,A.ramannagudem,Dug Well,W04147,1999,5.49,6.76,8.57,6.63,26.24566667,31.28166667,27.399,24.72833333,1999,ANDHRA PRADESH,5.866666667,49,150.5,48.13333333
156,TG,Nalgonda,Atmakur,Atmakur (m),17.475,79.16666667,M.atmakur,Dug Well,W04953,1999,'0,6.53,'0,'0,26.24566667,31.28166667,27.399,24.72833333,1999,ANDHRA PRADESH,5.866666667,49,150.5,48.13333333
157,TG,Nalgonda,Yadagirigutta,Yadagirigutta,17.55,78.95833333,Yadgirigutta,Dug Well,W04991,1999,15.25,13.05,13.62,'0,26.24566667,31.28166667,27.399,24.72833333,1999,ANDHRA PRADESH,5.866666667,49,150.5,48.13333333
158,TG,Nalgonda,Bommalaramaram,Bommalaramaram,17.56527778,78.73194444,B.Ramaram,Bore Well,W03937,1999,5.9,13.9,6.35,4.7,26.24566667,31.28166667,27.399,24.72833333,1999,ANDHRA PRADESH,5.866666667,49,150.5,48.13333333
159,TG,Nalgonda,Turkapalle,M.turkapalle,17.625,78.85833333,Rustapur,Dug Well,W04987,1999,12.35,8.26,11.7,11.46,26.24566667,31.28166667,27.399,24.72833333,1999,ANDHRA PRADESH,5.866666667,49,150.5,48.13333333
160,TG,Nalgonda,Turkapalle,M.turkapalle,17.58472222,78.8625,Yadgirigutta1,Bore Well,W04989,1999,9.9,8.1,9,12.4,26.24566667,31.28166667,27.399,24.72833333,1999,ANDHRA PRADESH,5.866666667,49,150.5,48.13333333
161,TG,Nalgonda,Rajapet,Rajapet,17.74027778,78.92222222,Rajapet,Bore Well,W04976,1999,11.97,9.48,11,11.45,26.24566667,31.28166667,27.399,24.72833333,1999,ANDHRA PRADESH,5.866666667,49,150.5,48.13333333
162,TG,Nalgonda,Munugode,Munugode,17.075,79.07638889,Munugodu,Bore Well,W04965,1999,7.32,7.56,7.1,7.04,26.24566667,31.28166667,27.399,24.72833333,1999,ANDHRA PRADESH,5.866666667,49,150.5,48.13333333
163,TG,Nalgonda,Munugode,Munugode,17.075,79.11166667,Gurrampadu1,Bore Well,W04393,1999,6.55,7.38,8,8.55,26.24566667,31.28166667,27.399,24.72833333,1999,ANDHRA PRADESH,5.866666667,49,150.5,48.13333333
164,TG,Nalgonda,Dowleswaram,Gundlapalle,16.54027778,78.70833333,G.palli(dindi),Bore Well,W04384,1999,14.5,12.5,'0,14.22,26.24566667,31.28166667,27.399,24.72833333,1999,ANDHRA PRADESH,5.866666667,49,150.5,48.13333333
165,TG,Nalgonda,Valigonda,Valigonda,17.45,79.01666667,Mothkur,Dug Well,W04990,1999,'0,4.98,'0,'0,26.24566667,31.28166667,27.399,24.72833333,1999,ANDHRA PRADESH,5.866666667,49,150.5,48.13333333
166,TG,Nalgonda,Atmakur,Atmakur (m),17.46527778,79.14166667,M.atmakur1,Bore Well,W04954,1999,12.35,6.03,12.38,12.3,26.24566667,31.28166667,27.399,24.72833333,1999,ANDHRA PRADESH,5.866666667,49,150.5,48.13333333
167,TG,Nalgonda,Turkapalle,M.turkapalle,17.65694444,78.79583333,M.turkapalli,Bore Well,W04986,1999,15.9,11.04,15.62,16.57,26.24566667,31.28166667,27.399,24.72833333,1999,ANDHRA PRADESH,5.866666667,49,150.5,48.13333333
168,TG,Nalgonda,Atmakur,Atmakur (s),17.225,79.69166667,S.Atmakur,Bore Well,W04955,1999,'0,5.46,'0,8.22,26.24566667,31.28166667,27.399,24.72833333,1999,ANDHRA PRADESH,5.866666667,49,150.5,48.13333333
169,TG,Nalgonda,Pochampalle,Pochampalle,17.34583333,78.80833333,Pochampalli,Dug Well,W04975,1999,11.05,8.7,10.96,20.99,26.24566667,31.28166667,27.399,24.72833333,1999,ANDHRA PRADESH,5.866666667,49,150.5,48.13333333
170,TG,Nalgonda,Kethepalle,Kethepalle,17.16666667,79.5,Kethupally,Dug Well,W04388,1999,7.68,5.1,7.9,7.96,26.24566667,31.28166667,27.399,24.72833333,1999,ANDHRA PRADESH,5.866666667,49,150.5,48.13333333
171,TG,Nalgonda,Suryapet,Suryapet,17.13333333,79.62361111,Suryapet1,Bore Well,W04980,1999,5.5,5,5.77,6.35,26.24566667,31.28166667,27.399,24.72833333,1999,ANDHRA PRADESH,5.866666667,49,150.5,48.13333333
172,TG,Nalgonda,Chityal,Chityal_nlg,17.18,79.09722222,Chityal,Dug Well,W04064,1999,9.6,5.9,9.95,7.78,26.24566667,31.28166667,27.399,24.72833333,1999,ANDHRA PRADESH,5.866666667,49,150.5,48.13333333
173,TG,Nalgonda,Kattangur,Kattangur,17.15,79.3,Atipamula,Dug Well,W03849,1999,5.71,3.98,6.28,6.36,26.24566667,31.28166667,27.399,24.72833333,1999,ANDHRA PRADESH,5.866666667,49,150.5,48.13333333
174,TG,Nalgonda,Mote,Mothey,17.16833333,79.80666667,Mothey,Bore Well,W04961,1999,2.4,5.8,1.84,1.92,26.24566667,31.28166667,27.399,24.72833333,1999,ANDHRA PRADESH,5.866666667,49,150.5,48.13333333
175,TG,Nalgonda,Choutuppal,Choutuppal,17.25,78.91583333,Choutuppal1,Bore Well,W04066,1999,8.35,7.36,'0,6.5,26.24566667,31.28166667,27.399,24.72833333,1999,ANDHRA PRADESH,5.866666667,49,150.5,48.13333333
176,TG,Nalgonda,Rajahmundry,Mattampalle,16.79833333,79.82,Chintapalli-3,Bore Well,W04072,1999,13.2,'0,'0,'0,26.24566667,31.28166667,27.399,24.72833333,1999,ANDHRA PRADESH,5.866666667,49,150.5,48.13333333
177,TG,Nalgonda,Amalapuram,Medlacheruvu,16.86666667,79.88333333,Huzurnagar,Dug Well,W04381,1999,2.35,2.65,2.65,5.1,26.24566667,31.28166667,27.399,24.72833333,1999,ANDHRA PRADESH,5.866666667,49,150.5,48.13333333
178,TG,Nalgonda,Rampachodavaram,Nidamanur,16.825,79.36944444,Nidamanuru,Dug Well,W04978,1999,3.75,3.65,4.8,5.45,26.24566667,31.28166667,27.399,24.72833333,1999,ANDHRA PRADESH,5.866666667,49,150.5,48.13333333
179,TG,Nalgonda,Rampachodavaram,Nidamanur,16.83055556,79.375,Nidamanuru1,Bore Well,W04979,1999,'0,3.15,'0,'0,26.24566667,31.28166667,27.399,24.72833333,1999,ANDHRA PRADESH,5.866666667,49,150.5,48.13333333
180,TG,Nalgonda,Suryaraopeta,Nampalle,16.85833333,78.925,Devarakonda1,Bore Well,W04074,1999,6.35,5.2,7.58,11.22,26.24566667,31.28166667,27.399,24.72833333,1999,ANDHRA PRADESH,5.866666667,49,150.5,48.13333333
181,TG,Nalgonda,Penpahad,Penpahad,17.00833333,79.65277778,Penpahad,Bore Well,W04972,1999,5.35,3.28,6.19,5.6,26.24566667,31.28166667,27.399,24.72833333,1999,ANDHRA PRADESH,5.866666667,49,150.5,48.13333333
182,TG,Nalgonda,Mungala,Munagala,17.04583333,79.83333333,Munagala,Dug Well,W04962,1999,4.72,4.56,4.84,6.15,26.24566667,31.28166667,27.399,24.72833333,1999,ANDHRA PRADESH,5.866666667,49,150.5,48.13333333
183,TG,Nalgonda,Kanagal,Kanagal,16.94666667,79.20166667,Kanagal,Bore Well,W04387,1999,9.05,7.38,9.81,11.36,26.24566667,31.28166667,27.399,24.72833333,1999,ANDHRA PRADESH,5.866666667,49,150.5,48.13333333
184,TG,Nalgonda,Kodad,Kodad,16.93055556,79.95833333,Huzurnagar-2,Bore Well,W04389,1999,2.52,3.59,2.83,4.94,26.24566667,31.28166667,27.399,24.72833333,1999,ANDHRA PRADESH,5.866666667,49,150.5,48.13333333
185,TG,Nalgonda,Kodad,Kodad,16.99722222,79.96666667,Kodad-new,Dug Well,W04390,1999,2.75,3.46,2.68,4.37,26.24566667,31.28166667,27.399,24.72833333,1999,ANDHRA PRADESH,5.866666667,49,150.5,48.13333333
186,TG,Nalgonda,Tipparti,Thipparthi,16.975,79.46388889,Madugulapalli1,Bore Well,W04983,1999,12.3,4.78,8.73,11.1,26.24566667,31.28166667,27.399,24.72833333,1999,ANDHRA PRADESH,5.866666667,49,150.5,48.13333333
187,TG,Nalgonda,Nalgonda,Nalgonda,17.05638889,79.26888889,Nalgonda-1,Dug Well,W04968,1999,2.85,2.75,4.48,3.78,26.24566667,31.28166667,27.399,24.72833333,1999,ANDHRA PRADESH,5.866666667,49,150.5,48.13333333
188,TG,Nalgonda,Mungala,Munagala,17.05166667,79.83666667,Munagala1,Bore Well,W04963,1999,0.73,4.56,1.3,2.74,26.24566667,31.28166667,27.399,24.72833333,1999,ANDHRA PRADESH,5.866666667,49,150.5,48.13333333
189,TG,Nalgonda,Suryaraopeta,Nampalle,16.88333333,78.97166667,Nampalli,Bore Well,W04981,1999,5.22,'0,5.9,6.02,26.24566667,31.28166667,27.399,24.72833333,1999,ANDHRA PRADESH,5.866666667,49,150.5,48.13333333
190,TG,Nalgonda,Kakinada,Devarakonda,16.69111111,78.91888889,Devarakonda,Dug Well,W04069,1999,6.41,4.8,7.3,8.02,26.24566667,31.28166667,27.399,24.72833333,1999,ANDHRA PRADESH,5.866666667,49,150.5,48.13333333
191,TG,Nalgonda,Chinthapalle,Chinthapalle_nlg,16.79833333,78.82,Chintapalli-2,Bore Well,W04063,1999,14.1,8,12.9,10.65,26.24566667,31.28166667,27.399,24.72833333,1999,ANDHRA PRADESH,5.866666667,49,150.5,48.13333333
192,TG,Nalgonda,Chinthapalle,Chinthapalle_nlg,16.80277778,78.80055556,Chintapalli-1,Dug Well,W04062,1999,8.16,4.1,8.35,8.06,26.24566667,31.28166667,27.399,24.72833333,1999,ANDHRA PRADESH,5.866666667,49,150.5,48.13333333
193,TG,Nalgonda,Kakinada,Devarakonda,16.64166667,79.06666667,Chennamnenpalli,Dug Well,W04068,1999,3.4,'0,3.35,4.46,26.24566667,31.28166667,27.399,24.72833333,1999,ANDHRA PRADESH,5.866666667,49,150.5,48.13333333
194,TG,Nalgonda,Garedapalle,Garedapalle,16.825,79.74861111,Kalamacheruvu,Bore Well,W04385,1999,4.32,3.01,5.12,6.99,26.24566667,31.28166667,27.399,24.72833333,1999,ANDHRA PRADESH,5.866666667,49,150.5,48.13333333
195,TG,Nalgonda,Garedapalle,Garedapalle,16.89166667,79.74166667,Kituvarigudem,Dug Well,W04386,1999,3.68,4.82,4.9,6.43,26.24566667,31.28166667,27.399,24.72833333,1999,ANDHRA PRADESH,5.866666667,49,150.5,48.13333333
196,TG,Nalgonda,Miryalaguda,Miryalaguda,16.83333333,79.5,Thungapadu,Dug Well,W04960,1999,2.63,3.21,3.02,4.02,26.24566667,31.28166667,27.399,24.72833333,1999,ANDHRA PRADESH,5.866666667,49,150.5,48.13333333
197,TG,Nalgonda,Miryalaguda,Miryalaguda,16.83472222,79.60277778,Kondrapolu,Dug Well,W04392,1999,3.25,3.96,3.67,4.02,26.24566667,31.28166667,27.399,24.72833333,1999,ANDHRA PRADESH,5.866666667,49,150.5,48.13333333
198,TG,Nalgonda,Miryalaguda,Miryalaguda,16.89722222,79.53333333,Huzurnagar-1,Bore Well,W04391,1999,1.58,2.1,1.34,1.36,26.24566667,31.28166667,27.399,24.72833333,1999,ANDHRA PRADESH,5.866666667,49,150.5,48.13333333
199,TG,Nalgonda,Miryalaguda,Miryalaguda,16.875,79.56527778,Myrialguda,Bore Well,W04959,1999,4.54,4.9,4.92,5.85,26.24566667,31.28166667,27.399,24.72833333,1999,ANDHRA PRADESH,5.866666667,49,150.5,48.13333333
200,TG,Nalgonda,Peddapuram,Damarcherla,16.725,79.64166667,Damaracherla,Bore Well,W04070,1999,3.09,3.26,3.02,4.75,26.24566667,31.28166667,27.399,24.72833333,1999,ANDHRA PRADESH,5.866666667,49,150.5,48.13333333
201,TG,Nalgonda,Peddapuram,Damarcherla,16.73,79.65,Damarcherla1,Dug Well,W04071,1999,4.61,3.18,4.58,6.52,26.24566667,31.28166667,27.399,24.72833333,1999,ANDHRA PRADESH,5.866666667,49,150.5,48.13333333
202,TG,Nalgonda,Pitapuram,Peddavuru,16.72916667,79.21111111,Peddavoora,Dug Well,W04973,1999,7.81,6.35,8.02,7.99,26.24566667,31.28166667,27.399,24.72833333,1999,ANDHRA PRADESH,5.866666667,49,150.5,48.13333333
203,TG,Nalgonda,Jajireddygudem,Jajireddygudem,17.33472222,79.50833333,Aravapalle,Bore Well,W03848,1999,17.1,8.21,13.05,13.23,26.24566667,31.28166667,27.399,24.72833333,1999,ANDHRA PRADESH,5.866666667,49,150.5,48.13333333
204,TG,Nalgonda,Ramannapet,Ramannapeta,17.33333333,79.08333333,Valigonda,Dug Well,W04977,1998,3.38,4.88,5.15,10.15,27.33366667,32.997,28.08833333,24.63133333,1998,ANDHRA PRADESH,5.866666667,49,150.5,48.13333333
205,TG,Nalgonda,Jajireddygudem,Jajireddygudem,17.33472222,79.50833333,Aravapalle,Bore Well,W03848,1998,2.34,8.42,5,12.49,27.33366667,32.997,28.08833333,24.63133333,1998,ANDHRA PRADESH,5.866666667,49,150.5,48.13333333
206,TG,Nalgonda,Nutankal,Thungathurthi,17.375,79.625,Suryapet,Dug Well,W04971,1998,2.07,3,2.08,4.61,27.33366667,32.997,28.08833333,24.63133333,1998,ANDHRA PRADESH,5.866666667,49,150.5,48.13333333
207,TG,Nalgonda,Tirumalgiri,Thirumalgiri,17.47222222,79.42916667,Tirumalagiri2,Bore Well,W04984,1998,6.27,6.55,4.73,8.6,27.33366667,32.997,28.08833333,24.63133333,1998,ANDHRA PRADESH,5.866666667,49,150.5,48.13333333
208,TG,Nalgonda,Bhongir,Bhongir,17.51111111,78.85833333,Bhongir-PZ,Bore Well,W03935,1998,4.08,3.2,0.85,5.78,27.33366667,32.997,28.08833333,24.63133333,1998,ANDHRA PRADESH,5.866666667,49,150.5,48.13333333
209,TG,Nalgonda,Shaligowraram,Sali Gouraram,17.26527778,79.39166667,Adlur,Bore Well,W04148,1998,15.7,12.55,8.58,17.93,27.33366667,32.997,28.08833333,24.63133333,1998,ANDHRA PRADESH,5.866666667,49,150.5,48.13333333
210,TG,Nalgonda,Jajireddygudem,Jajireddygudem,17.3,79.53333333,A.ramannagudem,Dug Well,W04147,1998,6.38,6.39,2.4,'0,27.33366667,32.997,28.08833333,24.63133333,1998,ANDHRA PRADESH,5.866666667,49,150.5,48.13333333
211,TG,Nalgonda,Bibinagar,Bibinagar,17.42833333,78.86166667,Bhongir,Dug Well,W03936,1998,7.14,8.31,'0,'0,27.33366667,32.997,28.08833333,24.63133333,1998,ANDHRA PRADESH,5.866666667,49,150.5,48.13333333
212,TG,Nalgonda,Atmakur,Atmakur (m),17.475,79.16666667,M.atmakur,Dug Well,W04953,1998,10.77,10.3,'0,'0,27.33366667,32.997,28.08833333,24.63133333,1998,ANDHRA PRADESH,5.866666667,49,150.5,48.13333333
213,TG,Nalgonda,Yadagirigutta,Yadagirigutta,17.55,78.95833333,Yadgirigutta,Dug Well,W04991,1998,12.6,9.01,9.04,16.37,27.33366667,32.997,28.08833333,24.63133333,1998,ANDHRA PRADESH,5.866666667,49,150.5,48.13333333
214,TG,Nalgonda,Bommalaramaram,Bommalaramaram,17.56527778,78.73194444,B.Ramaram,Bore Well,W03937,1998,1.8,18.7,5.1,'0,27.33366667,32.997,28.08833333,24.63133333,1998,ANDHRA PRADESH,5.866666667,49,150.5,48.13333333
215,TG,Nalgonda,Turkapalle,M.turkapalle,17.625,78.85833333,Rustapur,Dug Well,W04987,1998,9.39,9.5,3.54,'0,27.33366667,32.997,28.08833333,24.63133333,1998,ANDHRA PRADESH,5.866666667,49,150.5,48.13333333
216,TG,Nalgonda,Turkapalle,M.turkapalle,17.58472222,78.8625,Yadgirigutta1,Bore Well,W04989,1998,7.73,5.35,4.66,10.74,27.33366667,32.997,28.08833333,24.63133333,1998,ANDHRA PRADESH,5.866666667,49,150.5,48.13333333
217,TG,Nalgonda,Rajapet,Rajapet,17.74027778,78.92222222,Rajapet,Bore Well,W04976,1998,13.7,12.4,11.1,14.82,27.33366667,32.997,28.08833333,24.63133333,1998,ANDHRA PRADESH,5.866666667,49,150.5,48.13333333
218,TG,Nalgonda,Munugode,Munugode,17.075,79.07638889,Munugodu,Bore Well,W04965,1998,7.57,7.4,6.78,8.65,27.33366667,32.997,28.08833333,24.63133333,1998,ANDHRA PRADESH,5.866666667,49,150.5,48.13333333
219,TG,Nalgonda,Munugode,Munugode,17.075,79.11166667,Gurrampadu1,Bore Well,W04393,1998,7.69,7.91,4.98,10.65,27.33366667,32.997,28.08833333,24.63133333,1998,ANDHRA PRADESH,5.866666667,49,150.5,48.13333333
220,TG,Nalgonda,Dowleswaram,Gundlapalle,16.54027778,78.70833333,G.palli(dindi),Bore Well,W04384,1998,17.85,16,12.15,'0,27.33366667,32.997,28.08833333,24.63133333,1998,ANDHRA PRADESH,5.866666667,49,150.5,48.13333333
221,TG,Nalgonda,Valigonda,Valigonda,17.45,79.01666667,Mothkur,Dug Well,W04990,1998,4.08,0.83,5.01,5.67,27.33366667,32.997,28.08833333,24.63133333,1998,ANDHRA PRADESH,5.866666667,49,150.5,48.13333333
222,TG,Nalgonda,Atmakur,Atmakur (m),17.46527778,79.14166667,M.atmakur1,Bore Well,W04954,1998,11.54,11.65,10.2,11.8,27.33366667,32.997,28.08833333,24.63133333,1998,ANDHRA PRADESH,5.866666667,49,150.5,48.13333333
223,TG,Nalgonda,Alair,Alair,17.65833333,79.04861111,Aler,Bore Well,W03847,1998,'0,9.04,'0,'0,27.33366667,32.997,28.08833333,24.63133333,1998,ANDHRA PRADESH,5.866666667,49,150.5,48.13333333
224,TG,Nalgonda,Turkapalle,M.turkapalle,17.65694444,78.79583333,M.turkapalli,Bore Well,W04986,1998,8.28,15.96,6.3,19.2,27.33366667,32.997,28.08833333,24.63133333,1998,ANDHRA PRADESH,5.866666667,49,150.5,48.13333333
225,TG,Nalgonda,Atmakur,Atmakur (s),17.225,79.69166667,S.Atmakur,Bore Well,W04955,1998,9.6,7.57,4.23,10.65,27.33366667,32.997,28.08833333,24.63133333,1998,ANDHRA PRADESH,5.866666667,49,150.5,48.13333333
226,TG,Nalgonda,Pochampalle,Pochampalle,17.34583333,78.80833333,Pochampalli,Dug Well,W04975,1998,10.86,'0,5.6,12.63,27.33366667,32.997,28.08833333,24.63133333,1998,ANDHRA PRADESH,5.866666667,49,150.5,48.13333333
227,TG,Nalgonda,Kethepalle,Kethepalle,17.16666667,79.5,Kethupally,Dug Well,W04388,1998,9.23,9.58,4.25,'0,27.33366667,32.997,28.08833333,24.63133333,1998,ANDHRA PRADESH,5.866666667,49,150.5,48.13333333
228,TG,Nalgonda,Suryapet,Suryapet,17.13333333,79.62361111,Suryapet1,Bore Well,W04980,1998,3.75,4.72,7.52,6.75,27.33366667,32.997,28.08833333,24.63133333,1998,ANDHRA PRADESH,5.866666667,49,150.5,48.13333333
229,TG,Nalgonda,Chityal,Chityal_nlg,17.18,79.09722222,Chityal,Dug Well,W04064,1998,8.92,7.68,5.98,10.48,27.33366667,32.997,28.08833333,24.63133333,1998,ANDHRA PRADESH,5.866666667,49,150.5,48.13333333
230,TG,Nalgonda,Kattangur,Kattangur,17.15,79.3,Atipamula,Dug Well,W03849,1998,3.48,4.8,2.22,'0,27.33366667,32.997,28.08833333,24.63133333,1998,ANDHRA PRADESH,5.866666667,49,150.5,48.13333333
231,TG,Nalgonda,Mote,Mothey,17.16833333,79.80666667,Mothey,Bore Well,W04961,1998,'0,0.83,0.67,6.03,27.33366667,32.997,28.08833333,24.63133333,1998,ANDHRA PRADESH,5.866666667,49,150.5,48.13333333
232,TG,Nalgonda,Narketpalle,Narketpalle,17.2,79.2,Narketpalli-new,Dug Well,W04970,1998,6.05,6.55,'0,'0,27.33366667,32.997,28.08833333,24.63133333,1998,ANDHRA PRADESH,5.866666667,49,150.5,48.13333333
233,TG,Nalgonda,Choutuppal,Choutuppal,17.25,78.91583333,Choutuppal1,Bore Well,W04066,1998,5.32,'0,16.5,5.4,27.33366667,32.997,28.08833333,24.63133333,1998,ANDHRA PRADESH,5.866666667,49,150.5,48.13333333
234,TG,Nalgonda,Amalapuram,Medlacheruvu,16.86666667,79.88333333,Huzurnagar,Dug Well,W04381,1998,1.04,1.74,1.6,3.27,27.33366667,32.997,28.08833333,24.63133333,1998,ANDHRA PRADESH,5.866666667,49,150.5,48.13333333
235,TG,Nalgonda,Rampachodavaram,Nidamanur,16.825,79.36944444,Nidamanuru,Dug Well,W04978,1998,3.32,3.89,2.77,4.55,27.33366667,32.997,28.08833333,24.63133333,1998,ANDHRA PRADESH,5.866666667,49,150.5,48.13333333
236,TG,Nalgonda,Rampachodavaram,Nidamanur,16.83055556,79.375,Nidamanuru1,Bore Well,W04979,1998,4.15,4.16,3.48,5.52,27.33366667,32.997,28.08833333,24.63133333,1998,ANDHRA PRADESH,5.866666667,49,150.5,48.13333333
237,TG,Nalgonda,Samalkota,Gurramkode,16.86666667,79.11388889,Gurrampadu,Dug Well,W04394,1998,5.73,6.25,'0,'0,27.33366667,32.997,28.08833333,24.63133333,1998,ANDHRA PRADESH,5.866666667,49,150.5,48.13333333
238,TG,Nalgonda,Suryaraopeta,Nampalle,16.85833333,78.925,Devarakonda1,Bore Well,W04074,1998,5.85,8.36,3,15.02,27.33366667,32.997,28.08833333,24.63133333,1998,ANDHRA PRADESH,5.866666667,49,150.5,48.13333333
239,TG,Nalgonda,Penpahad,Penpahad,17.00833333,79.65277778,Penpahad,Bore Well,W04972,1998,4.85,6.75,2.25,9.22,27.33366667,32.997,28.08833333,24.63133333,1998,ANDHRA PRADESH,5.866666667,49,150.5,48.13333333
240,TG,Nalgonda,Mungala,Munagala,17.04583333,79.83333333,Munagala,Dug Well,W04962,1998,1.13,3.14,3.8,5.86,27.33366667,32.997,28.08833333,24.63133333,1998,ANDHRA PRADESH,5.866666667,49,150.5,48.13333333
241,TG,Nalgonda,Munugode,Munugode,17.08333333,79.08333333,Mungod,Dug Well,W04964,1998,8.4,8.57,'0,'0,27.33366667,32.997,28.08833333,24.63133333,1998,ANDHRA PRADESH,5.866666667,49,150.5,48.13333333
242,TG,Nalgonda,Nakrekal,Nakrekal,17.09944444,79.41944444,Nakrekal,Dug Well,W04966,1998,9.7,'0,'0,'0,27.33366667,32.997,28.08833333,24.63133333,1998,ANDHRA PRADESH,5.866666667,49,150.5,48.13333333
243,TG,Nalgonda,Kanagal,Kanagal,16.94666667,79.20166667,Kanagal,Bore Well,W04387,1998,10.07,9.12,6.74,11.57,27.33366667,32.997,28.08833333,24.63133333,1998,ANDHRA PRADESH,5.866666667,49,150.5,48.13333333
244,TG,Nalgonda,Kodad,Kodad,16.93055556,79.95833333,Huzurnagar-2,Bore Well,W04389,1998,1.77,3.3,2.06,4.79,27.33366667,32.997,28.08833333,24.63133333,1998,ANDHRA PRADESH,5.866666667,49,150.5,48.13333333
245,TG,Nalgonda,Kodad,Kodad,16.99722222,79.96666667,Kodad-new,Dug Well,W04390,1998,1.94,2.78,1.97,4.06,27.33366667,32.997,28.08833333,24.63133333,1998,ANDHRA PRADESH,5.866666667,49,150.5,48.13333333
246,TG,Nalgonda,Tipparti,Thipparthi,16.975,79.46388889,Madugulapalli1,Bore Well,W04983,1998,14.47,14.06,6.92,16.51,27.33366667,32.997,28.08833333,24.63133333,1998,ANDHRA PRADESH,5.866666667,49,150.5,48.13333333
247,TG,Nalgonda,Mandapeta,Pedda Adiserla Palle,16.715,79.08444444,Angadipeta,Dug Well,W03850,1998,7.75,7.23,'0,'0,27.33366667,32.997,28.08833333,24.63133333,1998,ANDHRA PRADESH,5.866666667,49,150.5,48.13333333
248,TG,Nalgonda,Nalgonda,Nalgonda,17.05638889,79.26888889,Nalgonda-1,Dug Well,W04968,1998,0.93,2.13,2.47,3.33,27.33366667,32.997,28.08833333,24.63133333,1998,ANDHRA PRADESH,5.866666667,49,150.5,48.13333333
249,TG,Nalgonda,Mungala,Munagala,17.05166667,79.83666667,Munagala1,Bore Well,W04963,1998,0.37,1.32,1.75,7.16,27.33366667,32.997,28.08833333,24.63133333,1998,ANDHRA PRADESH,5.866666667,49,150.5,48.13333333
250,TG,Nalgonda,Suryaraopeta,Nampalle,16.88333333,78.97166667,Nampalli,Bore Well,W04981,1998,'0,7.5,2.93,9.72,27.33366667,32.997,28.08833333,24.63133333,1998,ANDHRA PRADESH,5.866666667,49,150.5,48.13333333
251,TG,Nalgonda,Kakinada,Devarakonda,16.69111111,78.91888889,Devarakonda,Dug Well,W04069,1998,6.86,7.73,3.9,'0,27.33366667,32.997,28.08833333,24.63133333,1998,ANDHRA PRADESH,5.866666667,49,150.5,48.13333333
252,TG,Nalgonda,Chinthapalle,Chinthapalle_nlg,16.79833333,78.82,Chintapalli-2,Bore Well,W04063,1998,14.35,11.97,5.96,13.89,27.33366667,32.997,28.08833333,24.63133333,1998,ANDHRA PRADESH,5.866666667,49,150.5,48.13333333
253,TG,Nalgonda,Chinthapalle,Chinthapalle_nlg,16.80277778,78.80055556,Chintapalli-1,Dug Well,W04062,1998,'0,'0,5.6,'0,27.33366667,32.997,28.08833333,24.63133333,1998,ANDHRA PRADESH,5.866666667,49,150.5,48.13333333
254,TG,Nalgonda,Kakinada,Devarakonda,16.64166667,79.06666667,Chennamnenpalli,Dug Well,W04068,1998,6.18,4.55,2.36,'0,27.33366667,32.997,28.08833333,24.63133333,1998,ANDHRA PRADESH,5.866666667,49,150.5,48.13333333
255,TG,Nalgonda,Garedapalle,Garedapalle,16.825,79.74861111,Kalamacheruvu,Bore Well,W04385,1998,4.25,5.22,4.28,9.79,27.33366667,32.997,28.08833333,24.63133333,1998,ANDHRA PRADESH,5.866666667,49,150.5,48.13333333
256,TG,Nalgonda,Garedapalle,Garedapalle,16.89166667,79.74166667,Kituvarigudem,Dug Well,W04386,1998,6.24,1.45,2.05,'0,27.33366667,32.997,28.08833333,24.63133333,1998,ANDHRA PRADESH,5.866666667,49,150.5,48.13333333
257,TG,Nalgonda,Miryalaguda,Miryalaguda,16.83333333,79.5,Thungapadu,Dug Well,W04960,1998,1.39,2.65,2.26,3.44,27.33366667,32.997,28.08833333,24.63133333,1998,ANDHRA PRADESH,5.866666667,49,150.5,48.13333333
258,TG,Nalgonda,Miryalaguda,Miryalaguda,16.83472222,79.60277778,Kondrapolu,Dug Well,W04392,1998,2.23,2.31,2.12,5.03,27.33366667,32.997,28.08833333,24.63133333,1998,ANDHRA PRADESH,5.866666667,49,150.5,48.13333333
259,TG,Nalgonda,Miryalaguda,Miryalaguda,16.89722222,79.53333333,Huzurnagar-1,Bore Well,W04391,1998,0.44,1.95,1.4,4.7,27.33366667,32.997,28.08833333,24.63133333,1998,ANDHRA PRADESH,5.866666667,49,150.5,48.13333333
260,TG,Nalgonda,Miryalaguda,Miryalaguda,16.875,79.56527778,Myrialguda,Bore Well,W04959,1998,4.01,'0,4.05,5.37,27.33366667,32.997,28.08833333,24.63133333,1998,ANDHRA PRADESH,5.866666667,49,150.5,48.13333333
261,TG,Nalgonda,Peddapuram,Damarcherla,16.725,79.64166667,Damaracherla,Bore Well,W04070,1998,4.32,2.76,1.93,5.63,27.33366667,32.997,28.08833333,24.63133333,1998,ANDHRA PRADESH,5.866666667,49,150.5,48.13333333
262,TG,Nalgonda,Peddapuram,Damarcherla,16.73,79.65,Damarcherla1,Dug Well,W04071,1998,2.69,3.21,2.43,6.66,27.33366667,32.997,28.08833333,24.63133333,1998,ANDHRA PRADESH,5.866666667,49,150.5,48.13333333
263,TG,Nalgonda,Pitapuram,Peddavuru,16.72916667,79.21111111,Peddavoora,Dug Well,W04973,1998,7.6,6.14,4.8,8.21,27.33366667,32.997,28.08833333,24.63133333,1998,ANDHRA PRADESH,5.866666667,49,150.5,48.13333333
264,TG,Nalgonda,Pitapuram,Peddavuru,16.73194444,79.20833333,Peddavoora1,Bore Well,W04974,1998,7.53,6.08,3.8,8.9,27.33366667,32.997,28.08833333,24.63133333,1998,ANDHRA PRADESH,5.866666667,49,150.5,48.13333333
265,TG,Nalgonda,Jajireddygudem,Jajireddygudem,17.33472222,79.50833333,Aravapalle,Bore Well,W03848,1997,10.65,5.27,7.31,8.56,25.51033333,31.44433333,28.049,25.91166667,1997,ANDHRA PRADESH,5.866666667,49,150.5,48.13333333
266,TG,Nalgonda,Pitapuram,Peddavuru,16.73194444,79.20833333,Peddavoora1,Bore Well,W04974,1997,5.35,5.55,6,6.48,25.51033333,31.44433333,28.049,25.91166667,1997,ANDHRA PRADESH,5.866666667,49,150.5,48.13333333
267,TG,Nalgonda,Tirumalgiri,Thirumalgiri,17.47222222,79.42916667,Tirumalagiri2,Bore Well,W04984,1997,8.28,4.27,8.92,7.08,25.51033333,31.44433333,28.049,25.91166667,1997,ANDHRA PRADESH,5.866666667,49,150.5,48.13333333
268,TG,Nalgonda,Bhongir,Bhongir,17.51111111,78.85833333,Bhongir-PZ,Bore Well,W03935,1997,7.61,8.54,2.53,5.18,25.51033333,31.44433333,28.049,25.91166667,1997,ANDHRA PRADESH,5.866666667,49,150.5,48.13333333
269,TG,Nalgonda,Shaligowraram,Sali Gouraram,17.26527778,79.39166667,Adlur,Bore Well,W04148,1997,13.7,8.62,12.94,11.19,25.51033333,31.44433333,28.049,25.91166667,1997,ANDHRA PRADESH,5.866666667,49,150.5,48.13333333
270,TG,Nalgonda,Jajireddygudem,Jajireddygudem,17.3,79.53333333,A.ramannagudem,Dug Well,W04147,1997,7.27,6.4,5.28,7.72,25.51033333,31.44433333,28.049,25.91166667,1997,ANDHRA PRADESH,5.866666667,49,150.5,48.13333333
271,TG,Nalgonda,Bibinagar,Bibinagar,17.42833333,78.86166667,Bhongir,Dug Well,W03936,1997,11.81,7.72,5.71,10.65,25.51033333,31.44433333,28.049,25.91166667,1997,ANDHRA PRADESH,5.866666667,49,150.5,48.13333333
272,TG,Nalgonda,Atmakur,Atmakur (m),17.475,79.16666667,M.atmakur,Dug Well,W04953,1997,11.14,7.25,10.68,9.1,25.51033333,31.44433333,28.049,25.91166667,1997,ANDHRA PRADESH,5.866666667,49,150.5,48.13333333
273,TG,Nalgonda,Yadagirigutta,Yadagirigutta,17.55,78.95833333,Yadgirigutta,Dug Well,W04991,1997,14.05,9.18,8.73,13.61,25.51033333,31.44433333,28.049,25.91166667,1997,ANDHRA PRADESH,5.866666667,49,150.5,48.13333333
274,TG,Nalgonda,Bommalaramaram,Bommalaramaram,17.56527778,78.73194444,B.Ramaram,Bore Well,W03937,1997,17.65,6.65,3.4,17.66,25.51033333,31.44433333,28.049,25.91166667,1997,ANDHRA PRADESH,5.866666667,49,150.5,48.13333333
275,TG,Nalgonda,Turkapalle,M.turkapalle,17.625,78.85833333,Rustapur,Dug Well,W04987,1997,11.68,6.36,9.58,9.9,25.51033333,31.44433333,28.049,25.91166667,1997,ANDHRA PRADESH,5.866666667,49,150.5,48.13333333
276,TG,Nalgonda,Turkapalle,M.turkapalle,17.58472222,78.8625,Yadgirigutta1,Bore Well,W04989,1997,9.55,3.2,3.68,7.4,25.51033333,31.44433333,28.049,25.91166667,1997,ANDHRA PRADESH,5.866666667,49,150.5,48.13333333
277,TG,Nalgonda,Rajapet,Rajapet,17.74027778,78.92222222,Rajapet,Bore Well,W04976,1997,13.76,8.22,12.9,10.5,25.51033333,31.44433333,28.049,25.91166667,1997,ANDHRA PRADESH,5.866666667,49,150.5,48.13333333
278,TG,Nalgonda,Munugode,Munugode,17.075,79.07638889,Munugodu,Bore Well,W04965,1997,8.12,6.54,7.15,7.74,25.51033333,31.44433333,28.049,25.91166667,1997,ANDHRA PRADESH,5.866666667,49,150.5,48.13333333
279,TG,Nalgonda,Munugode,Munugode,17.075,79.11166667,Gurrampadu1,Bore Well,W04393,1997,8.88,4.93,8.09,7.59,25.51033333,31.44433333,28.049,25.91166667,1997,ANDHRA PRADESH,5.866666667,49,150.5,48.13333333
280,TG,Nalgonda,Dowleswaram,Gundlapalle,16.54027778,78.70833333,G.palli(dindi),Bore Well,W04384,1997,14.8,11.35,14.91,13.34,25.51033333,31.44433333,28.049,25.91166667,1997,ANDHRA PRADESH,5.866666667,49,150.5,48.13333333
281,TG,Nalgonda,Valigonda,Valigonda,17.45,79.01666667,Mothkur,Dug Well,W04990,1997,'0,2.72,5.13,6.6,25.51033333,31.44433333,28.049,25.91166667,1997,ANDHRA PRADESH,5.866666667,49,150.5,48.13333333
282,TG,Nalgonda,Atmakur,Atmakur (m),17.46527778,79.14166667,M.atmakur1,Bore Well,W04954,1997,11.79,8.9,11.8,10.9,25.51033333,31.44433333,28.049,25.91166667,1997,ANDHRA PRADESH,5.866666667,49,150.5,48.13333333
283,TG,Nalgonda,Alair,Alair,17.65833333,79.04861111,Aler,Bore Well,W03847,1997,8,7.8,8.39,8.55,25.51033333,31.44433333,28.049,25.91166667,1997,ANDHRA PRADESH,5.866666667,49,150.5,48.13333333
284,TG,Nalgonda,Turkapalle,M.turkapalle,17.65694444,78.79583333,M.turkapalli,Bore Well,W04986,1997,15.64,10.4,14.8,15.35,25.51033333,31.44433333,28.049,25.91166667,1997,ANDHRA PRADESH,5.866666667,49,150.5,48.13333333
285,TG,Nalgonda,Atmakur,Atmakur (s),17.225,79.69166667,S.Atmakur,Bore Well,W04955,1997,10.92,10,10.1,11.58,25.51033333,31.44433333,28.049,25.91166667,1997,ANDHRA PRADESH,5.866666667,49,150.5,48.13333333
286,TG,Nalgonda,Pochampalle,Pochampalle,17.34583333,78.80833333,Pochampalli,Dug Well,W04975,1997,13.16,9.64,7.37,11.66,25.51033333,31.44433333,28.049,25.91166667,1997,ANDHRA PRADESH,5.866666667,49,150.5,48.13333333
287,TG,Nalgonda,Kethepalle,Kethepalle,17.16666667,79.5,Kethupally,Dug Well,W04388,1997,9.62,7.5,9.18,10.06,25.51033333,31.44433333,28.049,25.91166667,1997,ANDHRA PRADESH,5.866666667,49,150.5,48.13333333
288,TG,Nalgonda,Suryapet,Suryapet,17.13333333,79.62361111,Suryapet1,Bore Well,W04980,1997,6.17,4.43,6.82,5.4,25.51033333,31.44433333,28.049,25.91166667,1997,ANDHRA PRADESH,5.866666667,49,150.5,48.13333333
289,TG,Nalgonda,Chityal,Chityal_nlg,17.18,79.09722222,Chityal,Dug Well,W04064,1997,9.74,6.37,7.93,7.98,25.51033333,31.44433333,28.049,25.91166667,1997,ANDHRA PRADESH,5.866666667,49,150.5,48.13333333
290,TG,Nalgonda,Kattangur,Kattangur,17.15,79.3,Atipamula,Dug Well,W03849,1997,4.37,2.58,3.85,4.71,25.51033333,31.44433333,28.049,25.91166667,1997,ANDHRA PRADESH,5.866666667,49,150.5,48.13333333
291,TG,Nalgonda,Mote,Mothey,17.16833333,79.80666667,Mothey,Bore Well,W04961,1997,0.8,1.71,1.38,2.22,25.51033333,31.44433333,28.049,25.91166667,1997,ANDHRA PRADESH,5.866666667,49,150.5,48.13333333
292,TG,Nalgonda,Narketpalle,Narketpalle,17.2,79.2,Narketpalli-new,Dug Well,W04970,1997,6.4,5.2,5.34,9.27,25.51033333,31.44433333,28.049,25.91166667,1997,ANDHRA PRADESH,5.866666667,49,150.5,48.13333333
293,TG,Nalgonda,Choutuppal,Choutuppal,17.25,78.91583333,Choutuppal1,Bore Well,W04066,1997,7.28,5.88,4.45,6.57,25.51033333,31.44433333,28.049,25.91166667,1997,ANDHRA PRADESH,5.866666667,49,150.5,48.13333333
294,TG,Nalgonda,Ramannapet,Ramannapeta,17.33333333,79.08333333,Valigonda,Dug Well,W04977,1997,10.65,5.9,5.02,9.46,25.51033333,31.44433333,28.049,25.91166667,1997,ANDHRA PRADESH,5.866666667,49,150.5,48.13333333
295,TG,Nalgonda,Amalapuram,Medlacheruvu,16.86666667,79.88333333,Huzurnagar,Dug Well,W04381,1997,3.56,3.21,1.41,4.11,25.51033333,31.44433333,28.049,25.91166667,1997,ANDHRA PRADESH,5.866666667,49,150.5,48.13333333
296,TG,Nalgonda,Rampachodavaram,Nidamanur,16.825,79.36944444,Nidamanuru,Dug Well,W04978,1997,3.51,3.48,3.38,3.86,25.51033333,31.44433333,28.049,25.91166667,1997,ANDHRA PRADESH,5.866666667,49,150.5,48.13333333
297,TG,Nalgonda,Rampachodavaram,Nidamanur,16.83055556,79.375,Nidamanuru1,Bore Well,W04979,1997,4.65,4.4,3.43,5.06,25.51033333,31.44433333,28.049,25.91166667,1997,ANDHRA PRADESH,5.866666667,49,150.5,48.13333333
298,TG,Nalgonda,Samalkota,Gurramkode,16.86666667,79.11388889,Gurrampadu,Dug Well,W04394,1997,7.1,2.99,5.21,7.09,25.51033333,31.44433333,28.049,25.91166667,1997,ANDHRA PRADESH,5.866666667,49,150.5,48.13333333
299,TG,Nalgonda,Suryaraopeta,Nampalle,16.85833333,78.925,Devarakonda1,Bore Well,W04074,1997,12.8,5.6,6.75,10.2,25.51033333,31.44433333,28.049,25.91166667,1997,ANDHRA PRADESH,5.866666667,49,150.5,48.13333333
300,TG,Nalgonda,Penpahad,Penpahad,17.00833333,79.65277778,Penpahad,Bore Well,W04972,1997,8.2,5.7,5.74,8.1,25.51033333,31.44433333,28.049,25.91166667,1997,ANDHRA PRADESH,5.866666667,49,150.5,48.13333333
301,TG,Nalgonda,Mungala,Munagala,17.04583333,79.83333333,Munagala,Dug Well,W04962,1997,5.96,2.92,0.8,6.01,25.51033333,31.44433333,28.049,25.91166667,1997,ANDHRA PRADESH,5.866666667,49,150.5,48.13333333
302,TG,Nalgonda,Munugode,Munugode,17.08333333,79.08333333,Mungod,Dug Well,W04964,1997,'0,7.91,8.12,8.79,25.51033333,31.44433333,28.049,25.91166667,1997,ANDHRA PRADESH,5.866666667,49,150.5,48.13333333
303,TG,Nalgonda,Nakrekal,Nakrekal,17.09944444,79.41944444,Nakrekal,Dug Well,W04966,1997,'0,'0,5.49,'0,25.51033333,31.44433333,28.049,25.91166667,1997,ANDHRA PRADESH,5.866666667,49,150.5,48.13333333
304,TG,Nalgonda,Samalkota,Gurramkode,16.91666667,79.08583333,Chandur,Dug Well,W04073,1997,11.8,8.65,8.68,10.04,25.51033333,31.44433333,28.049,25.91166667,1997,ANDHRA PRADESH,5.866666667,49,150.5,48.13333333
305,TG,Nalgonda,Kanagal,Kanagal,16.94666667,79.20166667,Kanagal,Bore Well,W04387,1997,10.78,7.95,8.21,9.12,25.51033333,31.44433333,28.049,25.91166667,1997,ANDHRA PRADESH,5.866666667,49,150.5,48.13333333
306,TG,Nalgonda,Kodad,Kodad,16.93055556,79.95833333,Huzurnagar-2,Bore Well,W04389,1997,4.62,3.51,5.35,4.77,25.51033333,31.44433333,28.049,25.91166667,1997,ANDHRA PRADESH,5.866666667,49,150.5,48.13333333
307,TG,Nalgonda,Kodad,Kodad,16.99722222,79.96666667,Kodad-new,Dug Well,W04390,1997,3.79,2.31,2.14,3.4,25.51033333,31.44433333,28.049,25.91166667,1997,ANDHRA PRADESH,5.866666667,49,150.5,48.13333333
308,TG,Nalgonda,Tipparti,Thipparthi,16.975,79.46388889,Madugulapalli1,Bore Well,W04983,1997,15.5,12.32,13.68,14.22,25.51033333,31.44433333,28.049,25.91166667,1997,ANDHRA PRADESH,5.866666667,49,150.5,48.13333333
309,TG,Nalgonda,Mandapeta,Pedda Adiserla Palle,16.715,79.08444444,Angadipeta,Dug Well,W03850,1997,7.17,6.87,5.04,7.76,25.51033333,31.44433333,28.049,25.91166667,1997,ANDHRA PRADESH,5.866666667,49,150.5,48.13333333
310,TG,Nalgonda,Nalgonda,Nalgonda,17.05638889,79.26888889,Nalgonda-1,Dug Well,W04968,1997,2.55,1.98,2.04,2.93,25.51033333,31.44433333,28.049,25.91166667,1997,ANDHRA PRADESH,5.866666667,49,150.5,48.13333333
311,TG,Nalgonda,Mungala,Munagala,17.05166667,79.83666667,Munagala1,Bore Well,W04963,1997,3.71,0.4,0.5,2.57,25.51033333,31.44433333,28.049,25.91166667,1997,ANDHRA PRADESH,5.866666667,49,150.5,48.13333333
312,TG,Nalgonda,Suryaraopeta,Nampalle,16.88333333,78.97166667,Nampalli,Bore Well,W04981,1997,8.6,5.87,6.03,7.58,25.51033333,31.44433333,28.049,25.91166667,1997,ANDHRA PRADESH,5.866666667,49,150.5,48.13333333
313,TG,Nalgonda,Kakinada,Devarakonda,16.69111111,78.91888889,Devarakonda,Dug Well,W04069,1997,'0,5.63,6.04,'0,25.51033333,31.44433333,28.049,25.91166667,1997,ANDHRA PRADESH,5.866666667,49,150.5,48.13333333
314,TG,Nalgonda,Chinthapalle,Chinthapalle_nlg,16.79833333,78.82,Chintapalli-2,Bore Well,W04063,1997,12.6,9.1,11.82,10.88,25.51033333,31.44433333,28.049,25.91166667,1997,ANDHRA PRADESH,5.866666667,49,150.5,48.13333333
315,TG,Nalgonda,Chinthapalle,Chinthapalle_nlg,16.80277778,78.80055556,Chintapalli-1,Dug Well,W04062,1997,'0,5.3,7.12,'0,25.51033333,31.44433333,28.049,25.91166667,1997,ANDHRA PRADESH,5.866666667,49,150.5,48.13333333
316,TG,Nalgonda,Kakinada,Devarakonda,16.64166667,79.06666667,Chennamnenpalli,Dug Well,W04068,1997,2.92,5.45,3.25,4.69,25.51033333,31.44433333,28.049,25.91166667,1997,ANDHRA PRADESH,5.866666667,49,150.5,48.13333333
317,TG,Nalgonda,Chinthapalle,Chinthapalle_nlg,16.87777778,78.75972222,Kurmedigate,Dug Well,W04383,1997,'0,9.25,'0,'0,25.51033333,31.44433333,28.049,25.91166667,1997,ANDHRA PRADESH,5.866666667,49,150.5,48.13333333
318,TG,Nalgonda,Garedapalle,Garedapalle,16.825,79.74861111,Kalamacheruvu,Bore Well,W04385,1997,8.79,5.72,4.04,6.93,25.51033333,31.44433333,28.049,25.91166667,1997,ANDHRA PRADESH,5.866666667,49,150.5,48.13333333
319,TG,Nalgonda,Garedapalle,Garedapalle,16.89166667,79.74166667,Kituvarigudem,Dug Well,W04386,1997,6.4,4.21,2.53,6.24,25.51033333,31.44433333,28.049,25.91166667,1997,ANDHRA PRADESH,5.866666667,49,150.5,48.13333333
320,TG,Nalgonda,Miryalaguda,Miryalaguda,16.83333333,79.5,Thungapadu,Dug Well,W04960,1997,3.66,2.51,1.98,4.04,25.51033333,31.44433333,28.049,25.91166667,1997,ANDHRA PRADESH,5.866666667,49,150.5,48.13333333
321,TG,Nalgonda,Miryalaguda,Miryalaguda,16.83472222,79.60277778,Kondrapolu,Dug Well,W04392,1997,5.5,2.6,2.18,3.77,25.51033333,31.44433333,28.049,25.91166667,1997,ANDHRA PRADESH,5.866666667,49,150.5,48.13333333
322,TG,Nalgonda,Miryalaguda,Miryalaguda,16.89722222,79.53333333,Huzurnagar-1,Bore Well,W04391,1997,3.89,4.62,3.05,4,25.51033333,31.44433333,28.049,25.91166667,1997,ANDHRA PRADESH,5.866666667,49,150.5,48.13333333
323,TG,Nalgonda,Miryalaguda,Miryalaguda,16.875,79.56527778,Myrialguda,Bore Well,W04959,1997,5.37,4.14,4.2,5.2,25.51033333,31.44433333,28.049,25.91166667,1997,ANDHRA PRADESH,5.866666667,49,150.5,48.13333333
324,TG,Nalgonda,Peddapuram,Damarcherla,16.725,79.64166667,Damaracherla,Bore Well,W04070,1997,6.6,3.2,1.9,4.99,25.51033333,31.44433333,28.049,25.91166667,1997,ANDHRA PRADESH,5.866666667,49,150.5,48.13333333
325,TG,Nalgonda,Peddapuram,Damarcherla,16.73,79.65,Damarcherla1,Dug Well,W04071,1997,8.06,3.64,1.93,6.25,25.51033333,31.44433333,28.049,25.91166667,1997,ANDHRA PRADESH,5.866666667,49,150.5,48.13333333
326,TG,Nalgonda,Pitapuram,Peddavuru,16.72916667,79.21111111,Peddavoora,Dug Well,W04973,1997,7.2,5.59,5.76,6.53,25.51033333,31.44433333,28.049,25.91166667,1997,ANDHRA PRADESH,5.866666667,49,150.5,48.13333333
327,TG,Nalgonda,Nutankal,Thungathurthi,17.375,79.625,Suryapet,Dug Well,W04971,1997,3.56,2.63,1.94,4.14,25.51033333,31.44433333,28.049,25.91166667,1997,ANDHRA PRADESH,5.866666667,49,150.5,48.13333333
328,TG,Nalgonda,Pitapuram,Peddavuru,16.72916667,79.21111111,Peddavoora,Dug Well,W04973,1996,4.54,6.39,4,7.15,26.58033333,31.74566667,27.613,24.373,1996,ANDHRA PRADESH,5.866666667,49,150.5,48.13333333
329,TG,Nalgonda,Pitapuram,Peddavuru,16.73194444,79.20833333,Peddavoora1,Bore Well,W04974,1996,4.5,'0,4.23,8.13,26.58033333,31.74566667,27.613,24.373,1996,ANDHRA PRADESH,5.866666667,49,150.5,48.13333333
330,TG,Nalgonda,Jajireddygudem,Jajireddygudem,17.33472222,79.50833333,Aravapalle,Bore Well,W03848,1996,6.74,'0,3.35,9.02,26.58033333,31.74566667,27.613,24.373,1996,ANDHRA PRADESH,5.866666667,49,150.5,48.13333333
331,TG,Nalgonda,Nutankal,Thungathurthi,17.375,79.625,Suryapet,Dug Well,W04971,1996,1.97,3.63,2.01,3.65,26.58033333,31.74566667,27.613,24.373,1996,ANDHRA PRADESH,5.866666667,49,150.5,48.13333333
332,TG,Nalgonda,Tirumalgiri,Thirumalgiri,17.47222222,79.42916667,Tirumalagiri2,Bore Well,W04984,1996,5.97,'0,3.46,8.26,26.58033333,31.74566667,27.613,24.373,1996,ANDHRA PRADESH,5.866666667,49,150.5,48.13333333
333,TG,Nalgonda,Bhongir,Bhongir,17.51111111,78.85833333,Bhongir-PZ,Bore Well,W03935,1996,4.15,'0,0.72,5.06,26.58033333,31.74566667,27.613,24.373,1996,ANDHRA PRADESH,5.866666667,49,150.5,48.13333333
334,TG,Nalgonda,Shaligowraram,Sali Gouraram,17.26527778,79.39166667,Adlur,Bore Well,W04148,1996,11.98,'0,7.64,13.88,26.58033333,31.74566667,27.613,24.373,1996,ANDHRA PRADESH,5.866666667,49,150.5,48.13333333
335,TG,Nalgonda,Jajireddygudem,Jajireddygudem,17.3,79.53333333,A.ramannagudem,Dug Well,W04147,1996,6.44,4.87,3.33,7.2,26.58033333,31.74566667,27.613,24.373,1996,ANDHRA PRADESH,5.866666667,49,150.5,48.13333333
336,TG,Nalgonda,Bibinagar,Bibinagar,17.42833333,78.86166667,Bhongir,Dug Well,W03936,1996,8.42,8.35,6.52,10.89,26.58033333,31.74566667,27.613,24.373,1996,ANDHRA PRADESH,5.866666667,49,150.5,48.13333333
337,TG,Nalgonda,Atmakur,Atmakur (m),17.475,79.16666667,M.atmakur,Dug Well,W04953,1996,8.03,7.18,6.46,7.58,26.58033333,31.74566667,27.613,24.373,1996,ANDHRA PRADESH,5.866666667,49,150.5,48.13333333
338,TG,Nalgonda,Yadagirigutta,Yadagirigutta,17.55,78.95833333,Yadgirigutta,Dug Well,W04991,1996,13.86,9.93,6.33,14.5,26.58033333,31.74566667,27.613,24.373,1996,ANDHRA PRADESH,5.866666667,49,150.5,48.13333333
339,TG,Nalgonda,Bommalaramaram,Bommalaramaram,17.56527778,78.73194444,B.Ramaram,Bore Well,W03937,1996,4.93,'0,6.83,21.53,26.58033333,31.74566667,27.613,24.373,1996,ANDHRA PRADESH,5.866666667,49,150.5,48.13333333
340,TG,Nalgonda,Turkapalle,M.turkapalle,17.625,78.85833333,Rustapur,Dug Well,W04987,1996,10.29,6.87,3.36,10.26,26.58033333,31.74566667,27.613,24.373,1996,ANDHRA PRADESH,5.866666667,49,150.5,48.13333333
341,TG,Nalgonda,Turkapalle,M.turkapalle,17.58472222,78.8625,Yadgirigutta1,Bore Well,W04989,1996,2.92,'0,3.35,7.53,26.58033333,31.74566667,27.613,24.373,1996,ANDHRA PRADESH,5.866666667,49,150.5,48.13333333
342,TG,Nalgonda,Rajapet,Rajapet,17.74027778,78.92222222,Rajapet,Bore Well,W04976,1996,11,'0,8.05,9.8,26.58033333,31.74566667,27.613,24.373,1996,ANDHRA PRADESH,5.866666667,49,150.5,48.13333333
343,TG,Nalgonda,Munugode,Munugode,17.075,79.07638889,Munugodu,Bore Well,W04965,1996,7.08,'0,6.2,7.53,26.58033333,31.74566667,27.613,24.373,1996,ANDHRA PRADESH,5.866666667,49,150.5,48.13333333
344,TG,Nalgonda,Munugode,Munugode,17.075,79.11166667,Gurrampadu1,Bore Well,W04393,1996,3.8,'0,3.51,7.98,26.58033333,31.74566667,27.613,24.373,1996,ANDHRA PRADESH,5.866666667,49,150.5,48.13333333
345,TG,Nalgonda,Dowleswaram,Gundlapalle,16.54027778,78.70833333,G.palli(dindi),Bore Well,W04384,1996,12.89,'0,11.12,11.3,26.58033333,31.74566667,27.613,24.373,1996,ANDHRA PRADESH,5.866666667,49,150.5,48.13333333
346,TG,Nalgonda,Valigonda,Valigonda,17.45,79.01666667,Mothkur,Dug Well,W04990,1996,2.59,1.29,2.07,4.51,26.58033333,31.74566667,27.613,24.373,1996,ANDHRA PRADESH,5.866666667,49,150.5,48.13333333
347,TG,Nalgonda,Atmakur,Atmakur (m),17.46527778,79.14166667,M.atmakur1,Bore Well,W04954,1996,9.54,'0,7.55,9.97,26.58033333,31.74566667,27.613,24.373,1996,ANDHRA PRADESH,5.866666667,49,150.5,48.13333333
348,TG,Nalgonda,Alair,Alair,17.65833333,79.04861111,Aler,Bore Well,W03847,1996,7.81,'0,4.43,8.8,26.58033333,31.74566667,27.613,24.373,1996,ANDHRA PRADESH,5.866666667,49,150.5,48.13333333
349,TG,Nalgonda,Turkapalle,M.turkapalle,17.65694444,78.79583333,M.turkapalli,Bore Well,W04986,1996,10.69,'0,7.63,14.46,26.58033333,31.74566667,27.613,24.373,1996,ANDHRA PRADESH,5.866666667,49,150.5,48.13333333
350,TG,Nalgonda,Atmakur,Atmakur (s),17.225,79.69166667,S.Atmakur,Bore Well,W04955,1996,12.43,'0,9.05,13.68,26.58033333,31.74566667,27.613,24.373,1996,ANDHRA PRADESH,5.866666667,49,150.5,48.13333333
351,TG,Nalgonda,Pochampalle,Pochampalle,17.34583333,78.80833333,Pochampalli,Dug Well,W04975,1996,'0,'0,'0,11.62,26.58033333,31.74566667,27.613,24.373,1996,ANDHRA PRADESH,5.866666667,49,150.5,48.13333333
352,TG,Nalgonda,Kethepalle,Kethepalle,17.16666667,79.5,Kethupally,Dug Well,W04388,1996,'0,6.96,6.85,'0,26.58033333,31.74566667,27.613,24.373,1996,ANDHRA PRADESH,5.866666667,49,150.5,48.13333333
353,TG,Nalgonda,Suryapet,Suryapet,17.13333333,79.62361111,Suryapet1,Bore Well,W04980,1996,4.31,'0,3.6,5.81,26.58033333,31.74566667,27.613,24.373,1996,ANDHRA PRADESH,5.866666667,49,150.5,48.13333333
354,TG,Nalgonda,Chityal,Chityal_nlg,17.18,79.09722222,Chityal,Dug Well,W04064,1996,8.82,'0,6.17,10.4,26.58033333,31.74566667,27.613,24.373,1996,ANDHRA PRADESH,5.866666667,49,150.5,48.13333333
355,TG,Nalgonda,Kattangur,Kattangur,17.15,79.3,Atipamula,Dug Well,W03849,1996,1.67,6.55,1.55,6.93,26.58033333,31.74566667,27.613,24.373,1996,ANDHRA PRADESH,5.866666667,49,150.5,48.13333333
356,TG,Nalgonda,Mote,Mothey,17.16833333,79.80666667,Mothey,Bore Well,W04961,1996,0.15,'0,0.72,13.1,26.58033333,31.74566667,27.613,24.373,1996,ANDHRA PRADESH,5.866666667,49,150.5,48.13333333
357,TG,Nalgonda,Narketpalle,Narketpalle,17.2,79.2,Narketpalli-new,Dug Well,W04970,1996,4.17,5.05,1.8,6.33,26.58033333,31.74566667,27.613,24.373,1996,ANDHRA PRADESH,5.866666667,49,150.5,48.13333333
358,TG,Nalgonda,Choutuppal,Choutuppal,17.25,78.91583333,Choutuppal1,Bore Well,W04066,1996,9.62,8.88,6.05,12.1,26.58033333,31.74566667,27.613,24.373,1996,ANDHRA PRADESH,5.866666667,49,150.5,48.13333333
359,TG,Nalgonda,Ramannapet,Ramannapeta,17.33333333,79.08333333,Valigonda,Dug Well,W04977,1996,8.24,5.88,4.65,9.81,26.58033333,31.74566667,27.613,24.373,1996,ANDHRA PRADESH,5.866666667,49,150.5,48.13333333
360,TG,Nalgonda,Amalapuram,Medlacheruvu,16.86666667,79.88333333,Huzurnagar,Dug Well,W04381,1996,3.78,'0,2.69,4.3,26.58033333,31.74566667,27.613,24.373,1996,ANDHRA PRADESH,5.866666667,49,150.5,48.13333333
361,TG,Nalgonda,Rampachodavaram,Nidamanur,16.825,79.36944444,Nidamanuru,Dug Well,W04978,1996,3.36,4.61,2.8,5.43,26.58033333,31.74566667,27.613,24.373,1996,ANDHRA PRADESH,5.866666667,49,150.5,48.13333333
362,TG,Nalgonda,Rampachodavaram,Nidamanur,16.83055556,79.375,Nidamanuru1,Bore Well,W04979,1996,3.41,'0,3.69,6.41,26.58033333,31.74566667,27.613,24.373,1996,ANDHRA PRADESH,5.866666667,49,150.5,48.13333333
363,TG,Nalgonda,Samalkota,Gurramkode,16.86666667,79.11388889,Gurrampadu,Dug Well,W04394,1996,3.31,3.6,2.11,7.66,26.58033333,31.74566667,27.613,24.373,1996,ANDHRA PRADESH,5.866666667,49,150.5,48.13333333
364,TG,Nalgonda,Suryaraopeta,Nampalle,16.85833333,78.925,Devarakonda1,Bore Well,W04074,1996,5.43,'0,3.76,8.57,26.58033333,31.74566667,27.613,24.373,1996,ANDHRA PRADESH,5.866666667,49,150.5,48.13333333
365,TG,Nalgonda,Penpahad,Penpahad,17.00833333,79.65277778,Penpahad,Bore Well,W04972,1996,6.15,'0,4.34,'0,26.58033333,31.74566667,27.613,24.373,1996,ANDHRA PRADESH,5.866666667,49,150.5,48.13333333
366,TG,Nalgonda,Mungala,Munagala,17.04583333,79.83333333,Munagala,Dug Well,W04962,1996,2.48,4.62,2.85,9.48,26.58033333,31.74566667,27.613,24.373,1996,ANDHRA PRADESH,5.866666667,49,150.5,48.13333333
367,TG,Nalgonda,Munugode,Munugode,17.08333333,79.08333333,Mungod,Dug Well,W04964,1996,7.58,7.47,7.4,8.43,26.58033333,31.74566667,27.613,24.373,1996,ANDHRA PRADESH,5.866666667,49,150.5,48.13333333
368,TG,Nalgonda,Dowleswaram,Gundlapalle,16.58888889,78.84166667,Yeraram,Dug Well,W04956,1996,'0,4.7,'0,'0,26.58033333,31.74566667,27.613,24.373,1996,ANDHRA PRADESH,5.866666667,49,150.5,48.13333333
369,TG,Nalgonda,Samalkota,Gurramkode,16.91666667,79.08583333,Chandur,Dug Well,W04073,1996,7.1,6.65,7.08,11.15,26.58033333,31.74566667,27.613,24.373,1996,ANDHRA PRADESH,5.866666667,49,150.5,48.13333333
370,TG,Nalgonda,Kanagal,Kanagal,16.94666667,79.20166667,Kanagal,Bore Well,W04387,1996,6.68,'0,7.21,9.72,26.58033333,31.74566667,27.613,24.373,1996,ANDHRA PRADESH,5.866666667,49,150.5,48.13333333
371,TG,Nalgonda,Kodad,Kodad,16.93055556,79.95833333,Huzurnagar-2,Bore Well,W04389,1996,2.85,'0,2.75,'0,26.58033333,31.74566667,27.613,24.373,1996,ANDHRA PRADESH,5.866666667,49,150.5,48.13333333
372,TG,Nalgonda,Kodad,Kodad,16.99722222,79.96666667,Kodad-new,Dug Well,W04390,1996,3.8,2.88,2.36,4.89,26.58033333,31.74566667,27.613,24.373,1996,ANDHRA PRADESH,5.866666667,49,150.5,48.13333333
373,TG,Nalgonda,Tipparti,Thipparthi,16.975,79.46388889,Madugulapalli1,Bore Well,W04983,1996,14.15,'0,11.77,'0,26.58033333,31.74566667,27.613,24.373,1996,ANDHRA PRADESH,5.866666667,49,150.5,48.13333333
374,TG,Nalgonda,Mandapeta,Pedda Adiserla Palle,16.715,79.08444444,Angadipeta,Dug Well,W03850,1996,6.2,8.42,5.04,8.19,26.58033333,31.74566667,27.613,24.373,1996,ANDHRA PRADESH,5.866666667,49,150.5,48.13333333
375,TG,Nalgonda,Nalgonda,Nalgonda,17.05638889,79.26888889,Nalgonda-1,Dug Well,W04968,1996,1.52,2.08,1.8,2.75,26.58033333,31.74566667,27.613,24.373,1996,ANDHRA PRADESH,5.866666667,49,150.5,48.13333333
376,TG,Nalgonda,Nalgonda,Nalgonda,17.05833333,79.26666667,Nalgonda-2,Bore Well,W04969,1996,7.98,'0,'0,8.13,26.58033333,31.74566667,27.613,24.373,1996,ANDHRA PRADESH,5.866666667,49,150.5,48.13333333
377,TG,Nalgonda,Mungala,Munagala,17.05166667,79.83666667,Munagala1,Bore Well,W04963,1996,2.67,'0,1.6,'0,26.58033333,31.74566667,27.613,24.373,1996,ANDHRA PRADESH,5.866666667,49,150.5,48.13333333
378,TG,Nalgonda,Suryaraopeta,Nampalle,16.88333333,78.97166667,Nampalli,Bore Well,W04981,1996,3.55,'0,4.74,4.72,26.58033333,31.74566667,27.613,24.373,1996,ANDHRA PRADESH,5.866666667,49,150.5,48.13333333
379,TG,Nalgonda,Tuni,Thripuraram,16.875,79.50416667,Neredi cherla,Dug Well,W04985,1996,1.87,4.31,'0,'0,26.58033333,31.74566667,27.613,24.373,1996,ANDHRA PRADESH,5.866666667,49,150.5,48.13333333
380,TG,Nalgonda,Kakinada,Devarakonda,16.69111111,78.91888889,Devarakonda,Dug Well,W04069,1996,5.88,5,4.05,'0,26.58033333,31.74566667,27.613,24.373,1996,ANDHRA PRADESH,5.866666667,49,150.5,48.13333333
381,TG,Nalgonda,Chinthapalle,Chinthapalle_nlg,16.79833333,78.82,Chintapalli-2,Bore Well,W04063,1996,8.93,'0,8.08,8.5,26.58033333,31.74566667,27.613,24.373,1996,ANDHRA PRADESH,5.866666667,49,150.5,48.13333333
382,TG,Nalgonda,Chinthapalle,Chinthapalle_nlg,16.80277778,78.80055556,Chintapalli-1,Dug Well,W04062,1996,5.39,4.85,4.85,6.38,26.58033333,31.74566667,27.613,24.373,1996,ANDHRA PRADESH,5.866666667,49,150.5,48.13333333
383,TG,Nalgonda,Kakinada,Devarakonda,16.64166667,79.06666667,Chennamnenpalli,Dug Well,W04068,1996,3.78,1.73,3.05,4.57,26.58033333,31.74566667,27.613,24.373,1996,ANDHRA PRADESH,5.866666667,49,150.5,48.13333333
384,TG,Nalgonda,Chinthapalle,Chinthapalle_nlg,16.87777778,78.75972222,Kurmedigate,Dug Well,W04383,1996,8.62,7.11,8.58,8.52,26.58033333,31.74566667,27.613,24.373,1996,ANDHRA PRADESH,5.866666667,49,150.5,48.13333333
385,TG,Nalgonda,Garedapalle,Garedapalle,16.825,79.74861111,Kalamacheruvu,Bore Well,W04385,1996,7.57,'0,5.37,7.04,26.58033333,31.74566667,27.613,24.373,1996,ANDHRA PRADESH,5.866666667,49,150.5,48.13333333
386,TG,Nalgonda,Garedapalle,Garedapalle,16.89166667,79.74166667,Kituvarigudem,Dug Well,W04386,1996,6.08,4.06,3.65,7.24,26.58033333,31.74566667,27.613,24.373,1996,ANDHRA PRADESH,5.866666667,49,150.5,48.13333333
387,TG,Nalgonda,Miryalaguda,Miryalaguda,16.83333333,79.5,Thungapadu,Dug Well,W04960,1996,1.5,3.6,1.55,3.88,26.58033333,31.74566667,27.613,24.373,1996,ANDHRA PRADESH,5.866666667,49,150.5,48.13333333
388,TG,Nalgonda,Miryalaguda,Miryalaguda,16.83472222,79.60277778,Kondrapolu,Dug Well,W04392,1996,3.43,3.07,2.68,4.63,26.58033333,31.74566667,27.613,24.373,1996,ANDHRA PRADESH,5.866666667,49,150.5,48.13333333
389,TG,Nalgonda,Miryalaguda,Miryalaguda,16.89722222,79.53333333,Huzurnagar-1,Bore Well,W04391,1996,4.1,'0,3.65,'0,26.58033333,31.74566667,27.613,24.373,1996,ANDHRA PRADESH,5.866666667,49,150.5,48.13333333
390,TG,Nalgonda,Miryalaguda,Miryalaguda,16.86472222,79.575,Miryalaguda,Dug Well,W04957,1996,'0,3.58,'0,'0,26.58033333,31.74566667,27.613,24.373,1996,ANDHRA PRADESH,5.866666667,49,150.5,48.13333333
391,TG,Nalgonda,Miryalaguda,Miryalaguda,16.875,79.56527778,Myrialguda,Bore Well,W04959,1996,4.64,'0,3.9,6.34,26.58033333,31.74566667,27.613,24.373,1996,ANDHRA PRADESH,5.866666667,49,150.5,48.13333333
392,TG,Nalgonda,Peddapuram,Damarcherla,16.725,79.64166667,Damaracherla,Bore Well,W04070,1996,2.26,'0,2.9,6.35,26.58033333,31.74566667,27.613,24.373,1996,ANDHRA PRADESH,5.866666667,49,150.5,48.13333333
393,TG,Nalgonda,Peddapuram,Damarcherla,16.73,79.65,Damarcherla1,Dug Well,W04071,1996,2.4,2.45,2.64,7.22,26.58033333,31.74566667,27.613,24.373,1996,ANDHRA PRADESH,5.866666667,49,150.5,48.13333333
